CREATE DATABASE demo;
USE demo;

CREATE TABLE IF NOT EXISTS `desglose_abonos` (
`noCliente` int(11)
,`nombre` varchar(152)
,`noCuenta` int(11)
,`fecha` date
,`cantidad` double(19,2)
,`tipoOperacion` varchar(10)
);
-- --------------------------------------------------------

--
-- Estructura Stand-in para la vista `desglose_cargos`
--
CREATE TABLE IF NOT EXISTS `desglose_cargos` (
`noCliente` int(11)
,`nombre` varchar(152)
,`noCuenta` int(11)
,`fecha` date
,`cantidad` double(19,2)
,`tipoOperacion` varchar(10)
);
-- --------------------------------------------------------

--
-- Estructura Stand-in para la vista `desglose_movimientos`
--
CREATE TABLE IF NOT EXISTS `desglose_movimientos` (
`noCliente` int(11)
,`nombre` varchar(152)
,`noCuenta` int(11)
,`fecha` date
,`cantidad` float
,`tipoOperacion` varchar(10)
);
-- --------------------------------------------------------

--
-- Estructura de tabla para la tabla `detallecuentas`
--

CREATE TABLE IF NOT EXISTS `detallecuentas` (
`noCuenta` int(11) NOT NULL,
  `noCliente` int(11) NOT NULL,
  `noTarjeta` int(11) NOT NULL
) ENGINE=InnoDB AUTO_INCREMENT=301 DEFAULT CHARSET=latin1 COLLATE=latin1_spanish_ci;

--
-- Volcado de datos para la tabla `detallecuentas`
--

INSERT INTO `detallecuentas` (`noCuenta`, `noCliente`, `noTarjeta`) VALUES
(1, 1, 1),
(2, 2, 2),
(3, 3, 3),
(4, 4, 4),
(5, 5, 5),
(6, 6, 6),
(7, 7, 7),
(8, 8, 8),
(9, 9, 9),
(10, 10, 10),
(11, 11, 11),
(12, 12, 12),
(13, 13, 13),
(14, 14, 14),
(15, 15, 15),
(16, 16, 16),
(17, 17, 17),
(18, 18, 18),
(19, 19, 19),
(20, 20, 20),
(21, 21, 21),
(22, 22, 22),
(23, 23, 23),
(24, 24, 24),
(25, 25, 25),
(26, 26, 26),
(27, 27, 27),
(28, 28, 28),
(29, 29, 29),
(30, 30, 30),
(31, 31, 31),
(32, 32, 32),
(33, 33, 33),
(34, 34, 34),
(35, 35, 35),
(36, 36, 36),
(37, 37, 37),
(38, 38, 38),
(39, 39, 39),
(40, 40, 40),
(41, 41, 41),
(42, 42, 42),
(43, 43, 43),
(44, 44, 44),
(45, 45, 45),
(46, 46, 46),
(47, 47, 47),
(48, 48, 48),
(49, 49, 49),
(50, 50, 50),
(51, 51, 51),
(52, 52, 52),
(53, 53, 53),
(54, 54, 54),
(55, 55, 55),
(56, 56, 56),
(57, 57, 57),
(58, 58, 58),
(59, 59, 59),
(60, 60, 60),
(61, 61, 61),
(62, 62, 62),
(63, 63, 63),
(64, 64, 64),
(65, 65, 65),
(66, 66, 66),
(67, 67, 67),
(68, 68, 68),
(69, 69, 69),
(70, 70, 70),
(71, 71, 71),
(72, 72, 72),
(73, 73, 73),
(74, 74, 74),
(75, 75, 75),
(76, 76, 76),
(77, 77, 77),
(78, 78, 78),
(79, 79, 79),
(80, 80, 80),
(81, 81, 81),
(82, 82, 82),
(83, 83, 83),
(84, 84, 84),
(85, 85, 85),
(86, 86, 86),
(87, 87, 87),
(88, 88, 88),
(89, 89, 89),
(90, 90, 90),
(91, 91, 91),
(92, 92, 92),
(93, 93, 93),
(94, 94, 94),
(95, 95, 95),
(96, 96, 96),
(97, 97, 97),
(98, 98, 98),
(99, 99, 99),
(100, 100, 100),
(101, 101, 101),
(102, 102, 102),
(103, 103, 103),
(104, 104, 104),
(105, 105, 105),
(106, 106, 106),
(107, 107, 107),
(108, 108, 108),
(109, 109, 109),
(110, 110, 110),
(111, 111, 111),
(112, 112, 112),
(113, 113, 113),
(114, 114, 114),
(115, 115, 115),
(116, 116, 116),
(117, 117, 117),
(118, 118, 118),
(119, 119, 119),
(120, 120, 120),
(121, 121, 121),
(122, 122, 122),
(123, 123, 123),
(124, 124, 124),
(125, 125, 125),
(126, 126, 126),
(127, 127, 127),
(128, 128, 128),
(129, 129, 129),
(130, 130, 130),
(131, 131, 131),
(132, 132, 132),
(133, 133, 133),
(134, 134, 134),
(135, 135, 135),
(136, 136, 136),
(137, 137, 137),
(138, 138, 138),
(139, 139, 139),
(140, 140, 140),
(141, 141, 141),
(142, 142, 142),
(143, 143, 143),
(144, 144, 144),
(145, 145, 145),
(146, 146, 146),
(147, 147, 147),
(148, 148, 148),
(149, 149, 149),
(150, 150, 150),
(151, 151, 151),
(152, 152, 152),
(153, 153, 153),
(154, 154, 154),
(155, 155, 155),
(156, 156, 156),
(157, 157, 157),
(158, 158, 158),
(159, 159, 159),
(160, 160, 160),
(161, 161, 161),
(162, 162, 162),
(163, 163, 163),
(164, 164, 164),
(165, 165, 165),
(166, 166, 166),
(167, 167, 167),
(168, 168, 168),
(169, 169, 169),
(170, 170, 170),
(171, 171, 171),
(172, 172, 172),
(173, 173, 173),
(174, 174, 174),
(175, 175, 175),
(176, 176, 176),
(177, 177, 177),
(178, 178, 178),
(179, 179, 179),
(180, 180, 180),
(181, 181, 181),
(182, 182, 182),
(183, 183, 183),
(184, 184, 184),
(185, 185, 185),
(186, 186, 186),
(187, 187, 187),
(188, 188, 188),
(189, 189, 189),
(190, 190, 190),
(191, 191, 191),
(192, 192, 192),
(193, 193, 193),
(194, 194, 194),
(195, 195, 195),
(196, 196, 196),
(197, 197, 197),
(198, 198, 198),
(199, 199, 199),
(200, 200, 200),
(201, 201, 201),
(202, 202, 202),
(203, 203, 203),
(204, 204, 204),
(205, 205, 205),
(206, 206, 206),
(207, 207, 207),
(208, 208, 208),
(209, 209, 209),
(210, 210, 210),
(211, 211, 211),
(212, 212, 212),
(213, 213, 213),
(214, 214, 214),
(215, 215, 215),
(216, 216, 216),
(217, 217, 217),
(218, 218, 218),
(219, 219, 219),
(220, 220, 220),
(221, 221, 221),
(222, 222, 222),
(223, 223, 223),
(224, 224, 224),
(225, 225, 225),
(226, 226, 226),
(227, 227, 227),
(228, 228, 228),
(229, 229, 229),
(230, 230, 230),
(231, 231, 231),
(232, 232, 232),
(233, 233, 233),
(234, 234, 234),
(235, 235, 235),
(236, 236, 236),
(237, 237, 237),
(238, 238, 238),
(239, 239, 239),
(240, 240, 240),
(241, 241, 241),
(242, 242, 242),
(243, 243, 243),
(244, 244, 244),
(245, 245, 245),
(246, 246, 246),
(247, 247, 247),
(248, 248, 248),
(249, 249, 249),
(250, 250, 250),
(251, 251, 251),
(252, 252, 252),
(253, 253, 253),
(254, 254, 254),
(255, 255, 255),
(256, 256, 256),
(257, 257, 257),
(258, 258, 258),
(259, 259, 259),
(260, 260, 260),
(261, 261, 261),
(262, 262, 262),
(263, 263, 263),
(264, 264, 264),
(265, 265, 265),
(266, 266, 266),
(267, 267, 267),
(268, 268, 268),
(269, 269, 269),
(270, 270, 270),
(271, 271, 271),
(272, 272, 272),
(273, 273, 273),
(274, 274, 274),
(275, 275, 275),
(276, 276, 276),
(277, 277, 277),
(278, 278, 278),
(279, 279, 279),
(280, 280, 280),
(281, 281, 281),
(282, 282, 282),
(283, 283, 283),
(284, 284, 284),
(285, 285, 285),
(286, 286, 286),
(287, 287, 287),
(288, 288, 288),
(289, 289, 289),
(290, 290, 290),
(291, 291, 291),
(292, 292, 292),
(293, 293, 293),
(294, 294, 294),
(295, 295, 295),
(296, 296, 296),
(297, 297, 297),
(298, 298, 298),
(299, 299, 299),
(300, 300, 300);

-- --------------------------------------------------------

--
-- Estructura de tabla para la tabla `detallemovimientos`
--

CREATE TABLE IF NOT EXISTS `detallemovimientos` (
`noDetalleMovimientos` int(11) NOT NULL,
  `noCuenta` int(11) NOT NULL,
  `noMovimiento` int(11) NOT NULL
) ENGINE=InnoDB AUTO_INCREMENT=303 DEFAULT CHARSET=latin1 COLLATE=latin1_spanish_ci;

--
-- Volcado de datos para la tabla `detallemovimientos`
--

INSERT INTO `detallemovimientos` (`noDetalleMovimientos`, `noCuenta`, `noMovimiento`) VALUES
(1, 1, 1),
(2, 2, 2),
(3, 3, 3),
(4, 4, 4),
(5, 5, 5),
(6, 6, 6),
(7, 7, 7),
(8, 8, 8),
(9, 9, 9),
(10, 10, 10),
(11, 11, 11),
(12, 12, 12),
(13, 13, 13),
(14, 14, 14),
(15, 15, 15),
(16, 16, 16),
(17, 17, 17),
(18, 18, 18),
(19, 19, 19),
(20, 20, 20),
(21, 21, 21),
(22, 22, 22),
(23, 23, 23),
(24, 24, 24),
(25, 25, 25),
(26, 26, 26),
(27, 27, 27),
(28, 28, 28),
(29, 29, 29),
(30, 30, 30),
(31, 31, 31),
(32, 32, 32),
(33, 33, 33),
(34, 34, 34),
(35, 35, 35),
(36, 36, 36),
(37, 37, 37),
(38, 38, 38),
(39, 39, 39),
(40, 40, 40),
(41, 41, 41),
(42, 42, 42),
(43, 43, 43),
(44, 44, 44),
(45, 45, 45),
(46, 46, 46),
(47, 47, 47),
(48, 48, 48),
(49, 49, 49),
(50, 50, 50),
(51, 51, 51),
(52, 52, 52),
(53, 53, 53),
(54, 54, 54),
(55, 55, 55),
(56, 56, 56),
(57, 57, 57),
(58, 58, 58),
(59, 59, 59),
(60, 60, 60),
(61, 61, 61),
(62, 62, 62),
(63, 63, 63),
(64, 64, 64),
(65, 65, 65),
(66, 66, 66),
(67, 67, 67),
(68, 68, 68),
(69, 69, 69),
(70, 70, 70),
(71, 71, 71),
(72, 72, 72),
(73, 73, 73),
(74, 74, 74),
(75, 75, 75),
(76, 76, 76),
(77, 77, 77),
(78, 78, 78),
(79, 79, 79),
(80, 80, 80),
(81, 81, 81),
(82, 82, 82),
(83, 83, 83),
(84, 84, 84),
(85, 85, 85),
(86, 86, 86),
(87, 87, 87),
(88, 88, 88),
(89, 89, 89),
(90, 90, 90),
(91, 91, 91),
(92, 92, 92),
(93, 93, 93),
(94, 94, 94),
(95, 95, 95),
(96, 96, 96),
(97, 97, 97),
(98, 98, 98),
(99, 99, 99),
(100, 100, 100),
(101, 101, 101),
(102, 102, 102),
(103, 103, 103),
(104, 104, 104),
(105, 105, 105),
(106, 106, 106),
(107, 107, 107),
(108, 108, 108),
(109, 109, 109),
(110, 110, 110),
(111, 111, 111),
(112, 112, 112),
(113, 113, 113),
(114, 114, 114),
(115, 115, 115),
(116, 116, 116),
(117, 117, 117),
(118, 118, 118),
(119, 119, 119),
(120, 120, 120),
(121, 121, 121),
(122, 122, 122),
(123, 123, 123),
(124, 124, 124),
(125, 125, 125),
(126, 126, 126),
(127, 127, 127),
(128, 128, 128),
(129, 129, 129),
(130, 130, 130),
(131, 131, 131),
(132, 132, 132),
(133, 133, 133),
(134, 134, 134),
(135, 135, 135),
(136, 136, 136),
(137, 137, 137),
(138, 138, 138),
(139, 139, 139),
(140, 140, 140),
(141, 141, 141),
(142, 142, 142),
(143, 143, 143),
(144, 144, 144),
(145, 145, 145),
(146, 146, 146),
(147, 147, 147),
(148, 148, 148),
(149, 149, 149),
(150, 150, 150),
(151, 151, 151),
(152, 152, 152),
(153, 153, 153),
(154, 154, 154),
(155, 155, 155),
(156, 156, 156),
(157, 157, 157),
(158, 158, 158),
(159, 159, 159),
(160, 160, 160),
(161, 161, 161),
(162, 162, 162),
(163, 163, 163),
(164, 164, 164),
(165, 165, 165),
(166, 166, 166),
(167, 167, 167),
(168, 168, 168),
(169, 169, 169),
(170, 170, 170),
(171, 171, 171),
(172, 172, 172),
(173, 173, 173),
(174, 174, 174),
(175, 175, 175),
(176, 176, 176),
(177, 177, 177),
(178, 178, 178),
(179, 179, 179),
(180, 180, 180),
(181, 181, 181),
(182, 182, 182),
(183, 183, 183),
(184, 184, 184),
(185, 185, 185),
(186, 186, 186),
(187, 187, 187),
(188, 188, 188),
(189, 189, 189),
(190, 190, 190),
(191, 191, 191),
(192, 192, 192),
(193, 193, 193),
(194, 194, 194),
(195, 195, 195),
(196, 196, 196),
(197, 197, 197),
(198, 198, 198),
(199, 199, 199),
(200, 200, 200),
(201, 201, 201),
(202, 202, 202),
(203, 203, 203),
(204, 204, 204),
(205, 205, 205),
(206, 206, 206),
(207, 207, 207),
(208, 208, 208),
(209, 209, 209),
(210, 210, 210),
(211, 211, 211),
(212, 212, 212),
(213, 213, 213),
(214, 214, 214),
(215, 215, 215),
(216, 216, 216),
(217, 217, 217),
(218, 218, 218),
(219, 219, 219),
(220, 220, 220),
(221, 221, 221),
(222, 222, 222),
(223, 223, 223),
(224, 224, 224),
(225, 225, 225),
(226, 226, 226),
(227, 227, 227),
(228, 228, 228),
(229, 229, 229),
(230, 230, 230),
(231, 231, 231),
(232, 232, 232),
(233, 233, 233),
(234, 234, 234),
(235, 235, 235),
(236, 236, 236),
(237, 237, 237),
(238, 238, 238),
(239, 239, 239),
(240, 240, 240),
(241, 241, 241),
(242, 242, 242),
(243, 243, 243),
(244, 244, 244),
(245, 245, 245),
(246, 246, 246),
(247, 247, 247),
(248, 248, 248),
(249, 249, 249),
(250, 250, 250),
(251, 251, 251),
(252, 252, 252),
(253, 253, 253),
(254, 254, 254),
(255, 255, 255),
(256, 256, 256),
(257, 257, 257),
(258, 258, 258),
(259, 259, 259),
(260, 260, 260),
(261, 261, 261),
(262, 262, 262),
(263, 263, 263),
(264, 264, 264),
(265, 265, 265),
(266, 266, 266),
(267, 267, 267),
(268, 268, 268),
(269, 269, 269),
(270, 270, 270),
(271, 271, 271),
(272, 272, 272),
(273, 273, 273),
(274, 274, 274),
(275, 275, 275),
(276, 276, 276),
(277, 277, 277),
(278, 278, 278),
(279, 279, 279),
(280, 280, 280),
(281, 281, 281),
(282, 282, 282),
(283, 283, 283),
(284, 284, 284),
(285, 285, 285),
(286, 286, 286),
(287, 287, 287),
(288, 288, 288),
(289, 289, 289),
(290, 290, 290),
(291, 291, 291),
(292, 292, 292),
(293, 293, 293),
(294, 294, 294),
(295, 295, 295),
(296, 296, 296),
(297, 297, 297),
(298, 298, 298),
(299, 299, 299),
(300, 300, 300),
(301, 1, 301),
(302, 1, 302);

-- --------------------------------------------------------

--
-- Estructura de tabla para la tabla `movimientos`
--

CREATE TABLE IF NOT EXISTS `movimientos` (
`noMovimiento` int(11) NOT NULL,
  `fecha` date NOT NULL,
  `cantidad` float NOT NULL,
  `tipoOperacion` varchar(10) COLLATE latin1_spanish_ci NOT NULL
) ENGINE=InnoDB AUTO_INCREMENT=303 DEFAULT CHARSET=latin1 COLLATE=latin1_spanish_ci;

--
-- Volcado de datos para la tabla `movimientos`
--

INSERT INTO `movimientos` (`noMovimiento`, `fecha`, `cantidad`, `tipoOperacion`) VALUES
(1, '2014-08-24', 5.92, 'cargo'),
(2, '2015-08-02', 72.17, 'cargo'),
(3, '2014-06-02', 79.93, 'abono'),
(4, '2014-09-01', 95.22, 'abono'),
(5, '2014-09-04', 79.43, 'abono'),
(6, '2014-03-16', 2.82, 'cargo'),
(7, '2015-02-06', 73.69, 'abono'),
(8, '2015-12-22', 23.17, 'abono'),
(9, '2016-01-19', 42.27, 'abono'),
(10, '2014-03-24', 5.69, 'cargo'),
(11, '2015-12-29', 86.19, 'cargo'),
(12, '2015-05-05', 42.33, 'cargo'),
(13, '2016-01-02', 8.4, 'cargo'),
(14, '2015-09-12', 94.24, 'cargo'),
(15, '2014-05-10', 41.75, 'abono'),
(16, '2016-01-06', 14.07, 'abono'),
(17, '2015-08-13', 5, 'abono'),
(18, '2015-02-04', 89.47, 'abono'),
(19, '2014-05-10', 87.55, 'cargo'),
(20, '2014-12-16', 32.59, 'abono'),
(21, '2015-05-15', 44.14, 'abono'),
(22, '2014-02-04', 38.79, 'abono'),
(23, '2014-06-23', 66.86, 'abono'),
(24, '2015-08-19', 47.07, 'abono'),
(25, '2015-12-24', 45.4, 'abono'),
(26, '2015-05-18', 6.36, 'abono'),
(27, '2015-07-17', 56.88, 'cargo'),
(28, '2015-03-31', 39.8, 'cargo'),
(29, '2014-12-07', 18.23, 'abono'),
(30, '2015-08-06', 21.66, 'abono'),
(31, '2014-06-06', 85.64, 'abono'),
(32, '2014-07-08', 56.07, 'abono'),
(33, '2015-01-01', 78.34, 'abono'),
(34, '2015-11-07', 73.02, 'abono'),
(35, '2014-08-04', 89.32, 'cargo'),
(36, '2015-07-14', 14.39, 'abono'),
(37, '2015-11-06', 41.23, 'abono'),
(38, '2015-01-03', 31.84, 'cargo'),
(39, '2014-06-27', 3.25, 'cargo'),
(40, '2014-09-11', 84.48, 'abono'),
(41, '2015-05-12', 21.96, 'abono'),
(42, '2014-10-10', 34.74, 'cargo'),
(43, '2015-09-30', 69.8, 'abono'),
(44, '2014-05-22', 1.47, 'abono'),
(45, '2014-05-31', 9.49, 'abono'),
(46, '2014-03-01', 63.86, 'abono'),
(47, '2014-12-12', 36.11, 'cargo'),
(48, '2015-12-17', 41.66, 'cargo'),
(49, '2014-04-14', 55.79, 'abono'),
(50, '2015-10-24', 65.91, 'cargo'),
(51, '2014-10-06', 45.04, 'cargo'),
(52, '2015-07-03', 1.55, 'cargo'),
(53, '2014-03-11', 67.3, 'cargo'),
(54, '2016-01-12', 81.93, 'abono'),
(55, '2015-02-27', 23.89, 'cargo'),
(56, '2014-12-17', 30.38, 'abono'),
(57, '2015-12-29', 48.69, 'abono'),
(58, '2014-12-08', 37.73, 'cargo'),
(59, '2015-03-07', 15.81, 'abono'),
(60, '2015-11-27', 70.6, 'cargo'),
(61, '2015-07-06', 76.3, 'cargo'),
(62, '2015-01-04', 15.3, 'abono'),
(63, '2015-05-31', 29.45, 'cargo'),
(64, '2014-06-27', 50.55, 'cargo'),
(65, '2015-04-27', 87.8, 'cargo'),
(66, '2015-08-04', 80.25, 'abono'),
(67, '2015-07-04', 11.54, 'abono'),
(68, '2015-10-15', 1.32, 'abono'),
(69, '2015-11-06', 20.51, 'cargo'),
(70, '2014-11-16', 47.83, 'cargo'),
(71, '2014-09-05', 66.59, 'cargo'),
(72, '2015-08-26', 30.76, 'abono'),
(73, '2014-07-21', 99.09, 'abono'),
(74, '2014-07-29', 18.61, 'cargo'),
(75, '2014-05-07', 96.36, 'abono'),
(76, '2015-10-11', 2.98, 'cargo'),
(77, '2014-08-09', 1.92, 'abono'),
(78, '2016-01-10', 4.71, 'cargo'),
(79, '2015-02-01', 15.29, 'abono'),
(80, '2014-10-11', 65.63, 'abono'),
(81, '2014-09-15', 42.6, 'abono'),
(82, '2015-03-20', 70.13, 'abono'),
(83, '2014-02-23', 33.12, 'cargo'),
(84, '2015-05-26', 51.91, 'abono'),
(85, '2015-11-03', 67.01, 'abono'),
(86, '2014-05-20', 49.26, 'cargo'),
(87, '2014-12-24', 79.68, 'cargo'),
(88, '2014-04-24', 40.17, 'abono'),
(89, '2014-11-25', 64.61, 'abono'),
(90, '2015-08-23', 56.44, 'cargo'),
(91, '2015-12-27', 46.34, 'abono'),
(92, '2015-05-21', 71.17, 'abono'),
(93, '2016-01-01', 11.63, 'abono'),
(94, '2014-07-01', 5.39, 'cargo'),
(95, '2014-07-20', 14.12, 'abono'),
(96, '2014-12-08', 32.14, 'abono'),
(97, '2015-06-04', 6.18, 'cargo'),
(98, '2015-07-09', 9.33, 'abono'),
(99, '2015-09-03', 15.43, 'cargo'),
(100, '2015-06-23', 57.54, 'cargo'),
(101, '2015-07-05', 79.3, 'abono'),
(102, '2014-09-17', 38.7, 'abono'),
(103, '2014-06-28', 85.36, 'cargo'),
(104, '2015-04-16', 71.89, 'abono'),
(105, '2015-09-11', 10.62, 'abono'),
(106, '2015-11-10', 16.97, 'cargo'),
(107, '2015-10-09', 73.7, 'cargo'),
(108, '2014-05-03', 65.71, 'cargo'),
(109, '2014-04-22', 17.43, 'cargo'),
(110, '2014-02-15', 52.68, 'abono'),
(111, '2015-02-04', 91.24, 'abono'),
(112, '2014-12-20', 96.23, 'abono'),
(113, '2016-01-13', 32.53, 'cargo'),
(114, '2014-05-14', 93.36, 'cargo'),
(115, '2014-05-03', 84.73, 'cargo'),
(116, '2014-07-14', 2.05, 'cargo'),
(117, '2015-03-07', 34.64, 'cargo'),
(118, '2015-10-29', 38.49, 'cargo'),
(119, '2014-08-21', 52.84, 'cargo'),
(120, '2015-11-01', 17.78, 'abono'),
(121, '2015-02-17', 43.83, 'cargo'),
(122, '2015-07-22', 37.41, 'cargo'),
(123, '2014-11-01', 2.29, 'cargo'),
(124, '2015-04-16', 10.09, 'cargo'),
(125, '2015-02-27', 98.71, 'abono'),
(126, '2015-08-04', 71.32, 'abono'),
(127, '2014-07-22', 97.17, 'cargo'),
(128, '2015-05-22', 4.67, 'abono'),
(129, '2014-03-10', 12.79, 'cargo'),
(130, '2015-05-27', 81.4, 'cargo'),
(131, '2014-07-19', 39.03, 'abono'),
(132, '2015-01-06', 26.58, 'abono'),
(133, '2014-04-06', 68.76, 'cargo'),
(134, '2014-02-03', 86.05, 'abono'),
(135, '2014-04-13', 59.61, 'abono'),
(136, '2014-10-10', 66.78, 'abono'),
(137, '2014-07-03', 47.87, 'abono'),
(138, '2015-05-04', 7.79, 'cargo'),
(139, '2014-07-31', 46.97, 'cargo'),
(140, '2014-02-25', 40.56, 'cargo'),
(141, '2014-04-06', 89.62, 'abono'),
(142, '2014-09-05', 84.76, 'abono'),
(143, '2014-07-24', 32.14, 'abono'),
(144, '2015-03-06', 36.87, 'abono'),
(145, '2015-07-11', 74.37, 'abono'),
(146, '2014-09-22', 44.87, 'cargo'),
(147, '2014-11-14', 18.43, 'cargo'),
(148, '2015-09-06', 10.84, 'cargo'),
(149, '2014-10-25', 84.16, 'cargo'),
(150, '2014-05-04', 10.99, 'abono'),
(151, '2015-08-05', 35.31, 'abono'),
(152, '2014-10-05', 37.92, 'abono'),
(153, '2015-11-04', 16.78, 'cargo'),
(154, '2014-08-18', 24.04, 'abono'),
(155, '2015-10-03', 63.02, 'cargo'),
(156, '2014-03-15', 54.71, 'abono'),
(157, '2014-04-02', 41.69, 'abono'),
(158, '2015-01-20', 14.49, 'cargo'),
(159, '2015-05-18', 95.88, 'cargo'),
(160, '2015-02-05', 84.19, 'abono'),
(161, '2015-06-18', 63.54, 'abono'),
(162, '2015-09-09', 72.33, 'abono'),
(163, '2015-08-12', 45.99, 'abono'),
(164, '2014-07-01', 59.06, 'abono'),
(165, '2014-04-26', 65.49, 'abono'),
(166, '2014-02-06', 88.52, 'cargo'),
(167, '2015-08-20', 54.44, 'abono'),
(168, '2014-03-02', 81.75, 'abono'),
(169, '2015-10-13', 81.42, 'cargo'),
(170, '2015-12-01', 99.1, 'abono'),
(171, '2014-02-06', 74.73, 'abono'),
(172, '2014-12-19', 27.33, 'abono'),
(173, '2014-05-26', 23.71, 'abono'),
(174, '2016-02-02', 71.5, 'abono'),
(175, '2015-07-14', 42.02, 'abono'),
(176, '2014-04-17', 63.41, 'abono'),
(177, '2015-07-06', 85.98, 'abono'),
(178, '2014-12-10', 86.57, 'cargo'),
(179, '2015-03-27', 29.81, 'abono'),
(180, '2014-03-10', 71.28, 'abono'),
(181, '2015-07-11', 67.43, 'abono'),
(182, '2014-07-13', 59.12, 'abono'),
(183, '2015-04-11', 59.26, 'abono'),
(184, '2014-05-12', 75.5, 'abono'),
(185, '2015-12-28', 24.55, 'cargo'),
(186, '2014-03-09', 51.67, 'abono'),
(187, '2015-05-07', 31.18, 'abono'),
(188, '2015-09-07', 11.82, 'cargo'),
(189, '2015-06-22', 56.66, 'abono'),
(190, '2014-02-07', 63.06, 'cargo'),
(191, '2015-11-27', 15.62, 'abono'),
(192, '2015-07-03', 42.32, 'abono'),
(193, '2014-02-28', 50.93, 'cargo'),
(194, '2015-03-19', 24.72, 'cargo'),
(195, '2014-03-31', 93.66, 'abono'),
(196, '2015-10-18', 16.72, 'abono'),
(197, '2015-02-01', 39.82, 'abono'),
(198, '2014-06-18', 13.97, 'cargo'),
(199, '2015-02-20', 66.21, 'cargo'),
(200, '2014-06-13', 65.65, 'abono'),
(201, '2014-08-07', 40.08, 'cargo'),
(202, '2015-01-04', 63.72, 'cargo'),
(203, '2014-03-13', 95.1, 'cargo'),
(204, '2015-04-05', 32.26, 'abono'),
(205, '2014-08-03', 71.39, 'abono'),
(206, '2015-09-08', 4.67, 'cargo'),
(207, '2015-06-30', 95.85, 'abono'),
(208, '2015-09-22', 38.02, 'cargo'),
(209, '2014-05-14', 26.48, 'cargo'),
(210, '2015-03-04', 17.24, 'abono'),
(211, '2015-02-09', 99.62, 'abono'),
(212, '2015-06-18', 17.45, 'abono'),
(213, '2014-09-20', 40.59, 'abono'),
(214, '2014-08-02', 29.94, 'abono'),
(215, '2014-04-21', 63.82, 'cargo'),
(216, '2015-08-08', 2.21, 'cargo'),
(217, '2015-06-25', 99.94, 'cargo'),
(218, '2015-09-04', 83.19, 'cargo'),
(219, '2014-02-21', 66.49, 'cargo'),
(220, '2015-09-28', 41.93, 'cargo'),
(221, '2015-02-06', 35.48, 'abono'),
(222, '2014-11-02', 25.53, 'cargo'),
(223, '2014-06-26', 2.24, 'cargo'),
(224, '2015-07-22', 33.83, 'abono'),
(225, '2014-09-02', 15.87, 'abono'),
(226, '2015-01-05', 44.21, 'abono'),
(227, '2015-07-28', 65.51, 'abono'),
(228, '2015-03-18', 49.61, 'abono'),
(229, '2014-08-15', 60.68, 'cargo'),
(230, '2014-09-28', 49.01, 'abono'),
(231, '2014-04-26', 85.33, 'abono'),
(232, '2014-12-22', 41.78, 'cargo'),
(233, '2014-12-31', 42.45, 'abono'),
(234, '2014-05-04', 55.73, 'cargo'),
(235, '2015-05-09', 36.74, 'cargo'),
(236, '2015-08-24', 79.34, 'abono'),
(237, '2014-03-28', 18.74, 'cargo'),
(238, '2014-09-16', 53.8, 'abono'),
(239, '2014-12-20', 14.79, 'abono'),
(240, '2015-01-03', 2.51, 'abono'),
(241, '2014-07-10', 43.2, 'cargo'),
(242, '2015-06-25', 70.64, 'abono'),
(243, '2014-04-22', 78.55, 'cargo'),
(244, '2015-07-21', 93.31, 'cargo'),
(245, '2015-11-30', 63.03, 'cargo'),
(246, '2015-06-03', 84.58, 'cargo'),
(247, '2015-12-07', 55.25, 'abono'),
(248, '2015-01-14', 38.67, 'cargo'),
(249, '2015-12-03', 61.76, 'cargo'),
(250, '2014-07-02', 23.45, 'abono'),
(251, '2014-10-29', 92.68, 'abono'),
(252, '2014-06-15', 3.56, 'cargo'),
(253, '2014-12-19', 26.55, 'abono'),
(254, '2014-11-18', 72.22, 'cargo'),
(255, '2015-12-08', 94.32, 'cargo'),
(256, '2016-01-26', 98.07, 'abono'),
(257, '2016-01-30', 66.92, 'abono'),
(258, '2014-07-10', 61.5, 'abono'),
(259, '2014-04-30', 1.87, 'abono'),
(260, '2015-10-24', 42.56, 'abono'),
(261, '2015-01-16', 64.75, 'cargo'),
(262, '2015-03-30', 14.7, 'cargo'),
(263, '2014-08-09', 96.58, 'cargo'),
(264, '2014-09-22', 93.35, 'cargo'),
(265, '2014-08-11', 66.21, 'abono'),
(266, '2015-05-28', 55.51, 'cargo'),
(267, '2014-04-14', 67.62, 'cargo'),
(268, '2015-03-30', 27.71, 'abono'),
(269, '2015-05-15', 54.83, 'cargo'),
(270, '2014-07-25', 34.09, 'cargo'),
(271, '2014-09-15', 68.88, 'cargo'),
(272, '2014-06-02', 33.8, 'abono'),
(273, '2015-01-15', 97.29, 'abono'),
(274, '2016-01-20', 18.12, 'abono'),
(275, '2015-12-12', 25.49, 'cargo'),
(276, '2014-08-05', 53.33, 'abono'),
(277, '2014-11-05', 25.74, 'abono'),
(278, '2014-09-26', 20.93, 'abono'),
(279, '2014-06-18', 9.67, 'cargo'),
(280, '2014-06-10', 35.13, 'cargo'),
(281, '2014-09-03', 39.86, 'cargo'),
(282, '2015-05-26', 87.09, 'abono'),
(283, '2014-06-15', 65.42, 'cargo'),
(284, '2015-01-04', 34.46, 'cargo'),
(285, '2015-01-22', 57.81, 'cargo'),
(286, '2015-11-21', 76.9, 'cargo'),
(287, '2014-09-25', 58.87, 'cargo'),
(288, '2014-10-28', 95.46, 'abono'),
(289, '2015-01-22', 23.86, 'cargo'),
(290, '2014-10-17', 42.59, 'abono'),
(291, '2015-02-09', 79.59, 'abono'),
(292, '2014-03-22', 39.21, 'cargo'),
(293, '2015-11-29', 33.64, 'cargo'),
(294, '2015-05-07', 96.55, 'abono'),
(295, '2015-05-19', 33.03, 'abono'),
(296, '2015-01-01', 40.29, 'abono'),
(297, '2015-01-21', 90.56, 'abono'),
(298, '2015-08-09', 67.17, 'abono'),
(299, '2014-08-30', 10.72, 'cargo'),
(300, '2015-04-09', 66.61, 'cargo'),
(301, '2015-02-09', 52.09, 'abono'),
(302, '2015-02-10', 100, 'abono');

-- --------------------------------------------------------

--
-- Estructura Stand-in para la vista `resumen_abonos`
--
CREATE TABLE IF NOT EXISTS `resumen_abonos` (
`noCliente` int(11)
,`nombre` varchar(152)
,`noCuenta` int(11)
,`abono` double(19,2)
,`tipoOperacion` varchar(10)
,`operaciones` bigint(21)
);
-- --------------------------------------------------------

--
-- Estructura Stand-in para la vista `resumen_cargos`
--
CREATE TABLE IF NOT EXISTS `resumen_cargos` (
`noCliente` int(11)
,`nombre` varchar(152)
,`noCuenta` int(11)
,`cargo` double(19,2)
,`tipoOperacion` varchar(10)
,`operaciones` bigint(21)
);
-- --------------------------------------------------------

--
-- Estructura Stand-in para la vista `resumen_saldos`
--
CREATE TABLE IF NOT EXISTS `resumen_saldos` (
`noCliente` int(11)
,`nombre` varchar(152)
,`noCuenta` int(11)
,`abono` double(19,2)
,`cargo` double(19,2)
,`saldo` double(19,2)
);
-- --------------------------------------------------------

--
-- Estructura de tabla para la tabla `tablaclientes`
--

CREATE TABLE IF NOT EXISTS `tablaclientes` (
`noCliente` int(11) NOT NULL,
  `nombre` varchar(50) COLLATE latin1_spanish_ci NOT NULL,
  `apellidoP` varchar(50) COLLATE latin1_spanish_ci NOT NULL,
  `apellidoM` varchar(50) COLLATE latin1_spanish_ci NOT NULL,
  `curp` varchar(13) COLLATE latin1_spanish_ci NOT NULL,
  `email` varchar(50) COLLATE latin1_spanish_ci NOT NULL,
  `direccion` varchar(100) COLLATE latin1_spanish_ci NOT NULL,
  `telefono` varchar(10) COLLATE latin1_spanish_ci NOT NULL
) ENGINE=InnoDB AUTO_INCREMENT=301 DEFAULT CHARSET=latin1 COLLATE=latin1_spanish_ci;

--
-- Volcado de datos para la tabla `tablaclientes`
--

INSERT INTO `tablaclientes` (`noCliente`, `nombre`, `apellidoP`, `apellidoM`, `curp`, `email`, `direccion`, `telefono`) VALUES
(1, 'Allegra', 'Mcintosh', 'Valdez', '97613', 'magna.Ut@quamPellentesque.org', 'Ap #796-7817 Nunc Road', '1234567890'),
(2, 'Sybil', 'Vincent', 'Hull', '97975', 'Nullam@etcommodo.co.uk', '3538 Eu, Av.', '4570143830'),
(3, 'Lenore', 'Bates', 'Allen', '18341', 'id@augueeutellus.com', 'Ap #407-5193 Et, St.', '5537529397'),
(4, 'Bree', 'Ortega', 'Morrow', '38924', 'rhoncus@eget.ca', '752-2576 Donec Street', '0346870433'),
(5, 'Carolyn', 'Huber', 'Pratt', '41323', 'risus@atpretium.ca', '872-8554 Facilisis Av.', '5644816464'),
(6, 'Palmer', 'Blackburn', 'Hewitt', '33269', 'accumsan.convallis@magnaCras.org', '686-8506 Et St.', '3118917008'),
(7, 'Sonya', 'Perry', 'Callahan', '54536', 'lectus.ante.dictum@erosNam.edu', 'Ap #367-7392 Semper Street', '8074163169'),
(8, 'Bert', 'Carson', 'Rogers', '34432', 'sed.leo@auctornonfeugiat.com', '598-9434 Fermentum Ave', '0499571322'),
(9, 'Sigourney', 'Shepherd', 'Vega', '17459', 'eget.odio.Aliquam@velconvallis.com', 'P.O. Box 875, 3071 Pede Ave', '9206325626'),
(10, 'Jaden', 'Vaughn', 'Merritt', '64834', 'Ut@risusat.edu', 'P.O. Box 159, 6258 Aliquam Rd.', '0264128451'),
(11, 'Olympia', 'Oneal', 'Middleton', '83355', 'Sed.et.libero@urnaconvallis.edu', 'Ap #684-1483 Cursus Ave', '8284965840'),
(12, 'Angelica', 'Fletcher', 'Lane', '46054', 'est.Nunc@eget.ca', '7288 Est Road', '7719545400'),
(13, 'Kaitlin', 'Hamilton', 'Cervantes', '61172', 'aliquet.vel@Donec.org', '8538 Semper Road', '3077211962'),
(14, 'Graiden', 'Davidson', 'Thornton', '20781', 'sit@enimgravidasit.ca', 'Ap #210-5765 Eu, Road', '2829405600'),
(15, 'Walter', 'Lamb', 'Hunt', '70502', 'magna.Nam@fermentumrisusat.org', '1501 Interdum Ave', '8788335846'),
(16, 'Hedda', 'Hahn', 'Huffman', '82909', 'Duis@egestas.org', '4381 Suspendisse Av.', '4307791743'),
(17, 'Lila', 'Cleveland', 'Knox', '45723', 'lorem.sit.amet@vitaeodiosagittis.co.uk', 'Ap #169-3933 Maecenas Rd.', '9209059180'),
(18, 'Tallulah', 'Marquez', 'Figueroa', '16406', 'neque.et.nunc@gravidaAliquamtincidunt.org', 'Ap #844-6979 Lobortis St.', '5707436852'),
(19, 'Eve', 'Mcbride', 'Herman', '33790', 'neque.vitae@Maurismolestie.net', 'P.O. Box 719, 760 Mauris. St.', '4491377596'),
(20, 'Catherine', 'Salazar', 'Kim', '93940', 'sapien.Nunc@auctor.com', '265-6764 Neque. Ave', '0494081767'),
(21, 'Daryl', 'Pugh', 'Erickson', '70440', 'Nullam.enim@Integertinciduntaliquam.edu', '1095 Tristique Avenue', '5974662572'),
(22, 'Stuart', 'Ballard', 'Griffith', '34062', 'enim.consequat.purus@eleifendegestasSed.org', 'Ap #550-9891 Eros. Road', '7210125785'),
(23, 'Malachi', 'Tillman', 'Wilcox', '68776', 'aliquet.odio.Etiam@Vivamussitamet.ca', 'Ap #870-2378 Luctus, St.', '8355711786'),
(24, 'Tara', 'Hoffman', 'Briggs', '56707', 'nibh.Donec@pedeNuncsed.ca', 'Ap #483-2760 Bibendum Ave', '4843011499'),
(25, 'Cade', 'James', 'Rice', '71960', 'Suspendisse@famesac.net', '283-4613 Imperdiet Ave', '8129080643'),
(26, 'Brett', 'Chang', 'Solis', '82844', 'nunc.sit.amet@velmauris.org', '486-8689 Dolor Av.', '6768050252'),
(27, 'Luke', 'Blake', 'Ball', '35534', 'Nulla.tincidunt@elementumsemvitae.net', 'Ap #556-646 Suspendisse Ave', '3504487542'),
(28, 'Vernon', 'Hoover', 'Jensen', '22506', 'Suspendisse.aliquet.molestie@Pellentesquehabitant.', '362-2956 Curabitur Av.', '7500603227'),
(29, 'Anthony', 'Alvarado', 'Chapman', '59004', 'lectus.justo@Curabiturconsequat.ca', '892-3011 Eu St.', '9768745701'),
(30, 'Jena', 'Olsen', 'Chan', '45686', 'urna.Ut@Nunc.net', '255-6513 Auctor Road', '6143284936'),
(31, 'Willow', 'George', 'Mccray', '05624', 'Quisque.nonummy@luctusaliquetodio.net', '3737 Non Rd.', '0812462888'),
(32, 'Alyssa', 'Macdonald', 'Barnes', '65649', 'neque.venenatis.lacus@iaculisodioNam.ca', 'Ap #750-5824 Est Avenue', '6738889596'),
(33, 'Zelda', 'Macdonald', 'Phillips', '45950', 'massa.rutrum@dictumProin.ca', '412-3900 Duis St.', '8393831202'),
(34, 'Jayme', 'Park', 'Rojas', '41091', 'faucibus@adlitoratorquent.net', 'Ap #836-5021 Urna. St.', '5759803194'),
(35, 'Donna', 'Sanford', 'Diaz', '34086', 'Nulla.aliquet@ac.co.uk', 'Ap #773-8279 Enim, Road', '5785748789'),
(36, 'Charles', 'Rosales', 'Blevins', '10730', 'Nullam@felis.com', '578-4273 Sagittis St.', '9026801443'),
(37, 'Jeremy', 'Buckley', 'Burke', '15121', 'posuere.enim.nisl@malesuadavel.org', 'Ap #821-8795 Aliquet. Ave', '7704671965'),
(38, 'Laith', 'Good', 'Hill', '98568', 'ac@aliquamarcuAliquam.ca', 'P.O. Box 989, 5713 Nullam Av.', '2096927531'),
(39, 'Jonas', 'Horton', 'Johns', '32802', 'enim.commodo.hendrerit@sociis.ca', '9759 Ligula Avenue', '2237464940'),
(40, 'Reed', 'Graham', 'Todd', '29010', 'eu.odio@disparturientmontes.org', '591-9429 Mi St.', '6011000078'),
(41, 'Wynter', 'Joseph', 'Gutierrez', '77184', 'Nunc@nonummyipsumnon.ca', 'P.O. Box 410, 6546 In Rd.', '4130483157'),
(42, 'Hyacinth', 'Simpson', 'Russell', '48752', 'Nullam.ut@Nam.com', '852-7857 Dignissim Rd.', '5679074727'),
(43, 'Amery', 'Patrick', 'Mathis', '41212', 'orci.Ut@nisi.ca', '8586 Libero Avenue', '0311455776'),
(44, 'Quynn', 'Carver', 'Whitaker', '59583', 'vestibulum.nec.euismod@rutrumurna.org', 'P.O. Box 504, 2367 Eget Av.', '7754937826'),
(45, 'Scarlett', 'Pace', 'Andrews', '98046', 'Cras.dictum@tortor.com', '1367 Nunc St.', '9004997710'),
(46, 'Marshall', 'Lindsey', 'Cohen', '95472', 'eu@sem.org', 'P.O. Box 664, 6923 Ultrices St.', '6952994129'),
(47, 'Cade', 'Gould', 'Rutledge', '31220', 'Morbi@Cum.net', '9257 Mauris St.', '6135916203'),
(48, 'Lani', 'Stevenson', 'Rice', '44587', 'ipsum.Donec@necante.com', '6201 Nec St.', '4405667818'),
(49, 'Denton', 'Foreman', 'Mckenzie', '18841', 'mauris.sapien.cursus@hendreritid.org', '914-8336 Et St.', '7483361912'),
(50, 'Jasmine', 'Butler', 'Casey', '70692', 'nec.tempus.mauris@Crassedleo.edu', 'Ap #106-4135 Quam St.', '4287819176'),
(51, 'Lael', 'Dixon', 'Monroe', '33653', 'ullamcorper.velit.in@vulputate.co.uk', '6666 Molestie St.', '0545752439'),
(52, 'Tamekah', 'Emerson', 'Roth', '47096', 'non@Aliquamultrices.edu', 'P.O. Box 870, 3858 Eget Avenue', '0051384743'),
(53, 'Leroy', 'Brady', 'Nicholson', '69864', 'Phasellus.fermentum.convallis@quispedeSuspendisse.', 'Ap #870-9765 Fermentum St.', '1720822769'),
(54, 'Harper', 'Newton', 'Mcbride', '08721', 'faucibus.id@Quisquenonummyipsum.edu', '966-6415 In St.', '8564680262'),
(55, 'Kennedy', 'Saunders', 'Kent', '48882', 'ornare.facilisis@eget.ca', '300-2989 Ornare Avenue', '0411937578'),
(56, 'Ivor', 'Howe', 'Mcbride', '09899', 'aliquet@sapien.net', 'Ap #727-2552 Dapibus Av.', '7542449130'),
(57, 'Bruce', 'Gomez', 'Blanchard', '18092', 'scelerisque@lorem.net', 'Ap #902-7655 Non Avenue', '6577920433'),
(58, 'Maris', 'Koch', 'Ochoa', '82673', 'Nulla.semper.tellus@consectetuer.ca', 'Ap #311-6441 Lobortis. Avenue', '3343653388'),
(59, 'Ramona', 'Gardner', 'Kirby', '11906', 'diam.eu.dolor@vitaevelitegestas.ca', 'Ap #524-1412 Elit. Rd.', '7783949383'),
(60, 'Kasimir', 'Brewer', 'Small', '16985', 'pede@sit.ca', '977-4096 Phasellus Avenue', '9723381874'),
(61, 'Karyn', 'Dunlap', 'Figueroa', '21934', 'ligula.Aliquam.erat@vitaeeratVivamus.co.uk', '9983 Purus St.', '4764288147'),
(62, 'Ella', 'Henson', 'Weeks', '44656', 'Donec.sollicitudin@sitametconsectetuer.com', '213-2891 Natoque Rd.', '1156245459'),
(63, 'Alisa', 'Walker', 'Flowers', '02726', 'tempor.erat.neque@sociisnatoque.ca', 'P.O. Box 793, 4423 Volutpat St.', '8809545550'),
(64, 'Harlan', 'Lambert', 'Sims', '35288', 'imperdiet.ornare.In@atlacusQuisque.net', 'P.O. Box 498, 7569 Faucibus Road', '2787000956'),
(65, 'Lareina', 'Johns', 'Hensley', '99331', 'risus@dapibusligula.com', 'P.O. Box 584, 5605 In Rd.', '5200988831'),
(66, 'Vernon', 'Stout', 'Pittman', '98542', 'tincidunt@dignissimtempor.edu', '7484 Sed Rd.', '9726212150'),
(67, 'Jenette', 'Mcdowell', 'Rhodes', '80480', 'enim@tempus.com', 'Ap #169-7997 Sed Road', '5732289635'),
(68, 'Venus', 'Leblanc', 'Chapman', '56635', 'nulla.magna@odiovelest.edu', 'P.O. Box 649, 6232 Orci, Road', '3201380362'),
(69, 'Colt', 'Glass', 'Greene', '53238', 'nec.cursus.a@justositamet.com', 'P.O. Box 843, 8216 Lectus Avenue', '4797322707'),
(70, 'Tasha', 'Burks', 'Valenzuela', '60520', 'Aenean@mattisInteger.com', '5736 Ipsum. Avenue', '6053411257'),
(71, 'Jerome', 'Miller', 'Fitzpatrick', '51992', 'Aliquam.gravida@bibendumullamcorper.co.uk', 'Ap #982-3634 Non Street', '3098555607'),
(72, 'Tatyana', 'Mcfadden', 'Hayden', '25248', 'nec.mollis.vitae@sedhendrerit.edu', 'Ap #184-7328 Malesuada. Rd.', '3235480278'),
(73, 'Gisela', 'Ramirez', 'Cervantes', '14729', 'blandit.at@Integervitae.ca', '5969 Auctor. Avenue', '5143442713'),
(74, 'Derek', 'Bates', 'Mason', '16805', 'pede@Donec.net', '289-9521 Orci Road', '8313046845'),
(75, 'Tamekah', 'Sexton', 'Griffith', '18242', 'Aliquam@diamvelarcu.co.uk', 'Ap #391-9229 Ullamcorper Rd.', '4643828105'),
(76, 'Shelly', 'Langley', 'Coleman', '04455', 'egestas.Fusce.aliquet@Vestibulumanteipsum.net', '717-6861 Malesuada Avenue', '3693596682'),
(77, 'Ulysses', 'Golden', 'Valentine', '72035', 'tristique@euodio.org', '7642 Pretium Rd.', '2511125518'),
(78, 'Elaine', 'Mullins', 'Guerra', '56111', 'tortor.Integer.aliquam@molestieorcitincidunt.com', 'Ap #446-4588 Fusce Rd.', '7968609202'),
(79, 'Reece', 'Massey', 'Downs', '73892', 'rhoncus.id@Proin.org', '5362 Maecenas Street', '9635724200'),
(80, 'Ruth', 'Sanford', 'Thornton', '33364', 'augue@pedemalesuadavel.co.uk', '313-4567 Suscipit, St.', '3845003605'),
(81, 'Felix', 'Hendrix', 'Clark', '29263', 'amet.lorem@vitaenibhDonec.com', 'Ap #702-8274 Ullamcorper Rd.', '3634812358'),
(82, 'Kevin', 'Frye', 'England', '95176', 'egestas.blandit@molestietortornibh.co.uk', '509-570 Mus. Avenue', '1958332847'),
(83, 'Armand', 'Petty', 'Rush', '61072', 'quis.arcu.vel@Etiamlaoreetlibero.org', 'Ap #271-590 Eu Rd.', '3140181546'),
(84, 'Caesar', 'Fry', 'Mckay', '68801', 'congue.In@quistristiqueac.org', 'P.O. Box 905, 8253 Elit Ave', '2511740921'),
(85, 'Shellie', 'Shepherd', 'Garza', '64358', 'elit.Etiam.laoreet@ut.co.uk', '727-5866 Proin Av.', '7674376872'),
(86, 'Lee', 'Mathis', 'Clements', '84145', 'urna.Nunc.quis@netus.org', '211-1020 Amet Rd.', '8911976643'),
(87, 'Xaviera', 'Hudson', 'Christian', '66903', 'diam@diamdictum.com', '333-9251 Eget, St.', '5426315946'),
(88, 'Amaya', 'Mosley', 'Medina', '76929', 'turpis.egestas.Aliquam@apurusDuis.edu', '4958 Turpis St.', '0191388321'),
(89, 'Montana', 'Mack', 'Salinas', '09471', 'fringilla@tellusimperdietnon.co.uk', 'Ap #927-8659 Lacus. Av.', '2672983666'),
(90, 'Ahmed', 'Young', 'Callahan', '02478', 'mollis@quamvel.edu', 'P.O. Box 194, 7264 Eros Rd.', '3241913078'),
(91, 'Chava', 'Waters', 'Kent', '65821', 'eu.dui.Cum@tellus.co.uk', 'P.O. Box 966, 972 Pede, Av.', '5452909211'),
(92, 'Curran', 'Manning', 'Parks', '22015', 'Duis.sit@dolortempus.ca', 'P.O. Box 637, 8182 Lorem, Ave', '9703870297'),
(93, 'Sebastian', 'Acevedo', 'Brewer', '86541', 'Vivamus.rhoncus.Donec@etnuncQuisque.edu', '497-8028 Tempor Street', '9259479881'),
(94, 'Thaddeus', 'Guerra', 'Peterson', '97172', 'auctor.vitae@dictum.edu', 'Ap #999-2792 Vel Rd.', '3732716648'),
(95, 'McKenzie', 'Morin', 'Adkins', '29508', 'Nullam.lobortis@dictum.ca', 'Ap #732-9511 Massa. Street', '8841482295'),
(96, 'Keelie', 'Wilkinson', 'Goff', '90743', 'vehicula.aliquet.libero@tinciduntduiaugue.net', '977 Magna Avenue', '6784015057'),
(97, 'Reece', 'Briggs', 'Jennings', '90436', 'sed.libero@morbitristiquesenectus.co.uk', 'P.O. Box 985, 7998 Malesuada. Rd.', '7626188235'),
(98, 'Dustin', 'Mcknight', 'Edwards', '60847', 'auctor.Mauris@ipsumdolorsit.com', 'P.O. Box 707, 8319 Ipsum Street', '0178479124'),
(99, 'Wallace', 'Pitts', 'Forbes', '83388', 'consequat@accumsansedfacilisis.org', '997-7289 Aliquam Rd.', '3826547406'),
(100, 'Sydnee', 'Cleveland', 'Ayers', '07054', 'risus.Donec.egestas@aliquamadipiscinglacus.com', '929-4556 Vivamus Avenue', '3794894881'),
(101, 'Celeste', 'Duke', 'Mayer', 'FI53433006233', 'Vivamus.non@mollisnec.ca', '900-3395 Enim. Rd.', '524858039'),
(102, 'Brock', 'Lane', 'Gibson', 'LT56040270615', 'tristique.ac.eleifend@cursuspurusNullam.co.uk', 'P.O. Box 317, 2635 In Ave', '426141592'),
(103, 'Whilemina', 'Ross', 'Curry', 'PK93606258259', 'vel@semperduilectus.org', '972 Morbi Avenue', '600213282'),
(104, 'Clark', 'Hendrix', 'Henry', 'FR98373367648', 'sociis.natoque@liberoat.org', '210 Amet Street', '055840782'),
(105, 'Jameson', 'Thompson', 'Vega', 'TR91892218187', 'dolor@estconguea.ca', 'P.O. Box 850, 3351 Eget Road', '311668719'),
(106, 'Jada', 'Wilder', 'Harris', 'AD50115067436', 'mattis.semper.dui@ornare.co.uk', 'P.O. Box 320, 1486 Nulla St.', '364325223'),
(107, 'Karina', 'Huber', 'Santiago', 'MU81313382650', 'ridiculus.mus.Proin@mattissemper.edu', '588-5442 Dignissim St.', '932773300'),
(108, 'Isabelle', 'Parsons', 'Pearson', 'VG27545222969', 'Proin@augueac.co.uk', 'Ap #276-581 Est Rd.', '795075207'),
(109, 'Renee', 'Velazquez', 'Townsend', 'MU30053971310', 'eget.varius@arcu.edu', 'Ap #438-8020 Eget, Street', '425078245'),
(110, 'Abraham', 'Hester', 'Juarez', 'IL70983211847', 'commodo.tincidunt.nibh@Pellentesque.com', 'P.O. Box 368, 4613 Malesuada Street', '890239043'),
(111, 'Ingrid', 'Shepherd', 'Santos', 'TR16523740812', 'penatibus.et@nibhQuisque.com', '740-2954 Amet, St.', '451236740'),
(112, 'Abdul', 'Buchanan', 'Shannon', 'GB62PWVN55171', 'ullamcorper@leo.ca', '690-348 Eu Rd.', '771187784'),
(113, 'Adria', 'Camacho', 'Cantrell', 'GI27YFEW02406', 'neque.Nullam.ut@sem.co.uk', 'P.O. Box 490, 3693 Tempor, St.', '796123302'),
(114, 'Hayes', 'Solis', 'Black', 'GE51494076610', 'nunc@felisegetvarius.edu', 'P.O. Box 195, 9917 Elit, St.', '979775372'),
(115, 'Jerry', 'Cooley', 'Wilkins', 'SE17140713079', 'dolor@utnullaCras.net', '716-3432 Blandit Rd.', '820899329'),
(116, 'Camille', 'Wilson', 'Ochoa', 'KZ52791826704', 'massa@auctorodio.net', '7353 Nonummy St.', '409505382'),
(117, 'Arden', 'Dillard', 'Harvey', 'DK69133284264', 'Cras.convallis@magna.edu', 'Ap #284-4097 Egestas Road', '588914700'),
(118, 'Burke', 'Harrison', 'Hutchinson', 'KW53187974173', 'massa.rutrum@cursusnon.ca', '2637 Ornare. Ave', '516864080'),
(119, 'Gil', 'Hahn', 'Hardin', 'IL42546136525', 'nibh.enim.gravida@Vivamusmolestiedapibus.edu', 'Ap #959-9194 Odio St.', '799762146'),
(120, 'Kyla', 'Howard', 'Cochran', 'LB39144966769', 'hendrerit.id@mollisnoncursus.com', '492-5545 Montes, Av.', '232742066'),
(121, 'Maxwell', 'Blake', 'Cantrell', 'IS14108194630', 'ut.lacus.Nulla@mauris.org', 'P.O. Box 493, 5546 Bibendum Rd.', '531318713'),
(122, 'Quincy', 'Rice', 'Williams', 'AL05131951699', 'enim.Sed@nonummyipsum.co.uk', 'Ap #758-6991 Egestas Avenue', '669125430'),
(123, 'Charles', 'Dejesus', 'Scott', 'GB36TYPG79087', 'leo.in.lobortis@inaliquet.co.uk', 'P.O. Box 755, 3842 Sed Avenue', '393539020'),
(124, 'Allegra', 'Mcmahon', 'Russell', 'NL26SBGD41022', 'pretium.aliquet.metus@tempusloremfringilla.co.uk', '539-4117 Ornare Ave', '608812797'),
(125, 'Elizabeth', 'Arnold', 'Pacheco', 'SK30429502751', 'Fusce.mi@anteMaecenas.ca', '359-6963 In, Av.', '109117498'),
(126, 'Dexter', 'Stewart', 'Bryan', 'FI94411134379', 'pede.malesuada.vel@liberomauris.co.uk', 'P.O. Box 890, 2068 Aliquam St.', '699678793'),
(127, 'Laurel', 'Olsen', 'Robertson', 'GT76396466465', 'Vivamus@Curabitursed.net', 'Ap #453-6483 Lobortis Road', '454233901'),
(128, 'Mira', 'French', 'Alford', 'SA47836287384', 'ornare.lectus.ante@luctusfelis.net', 'Ap #995-3961 Aliquam Ave', '713408570'),
(129, 'Serena', 'Wallace', 'Morgan', 'EE20563007828', 'gravida@tinciduntDonec.co.uk', 'P.O. Box 874, 5573 Leo. Street', '021727041'),
(130, 'Aristotle', 'Gonzales', 'Pope', 'DE36685143442', 'orci@elit.com', 'P.O. Box 921, 9762 Ultrices, St.', '912226965'),
(131, 'Abbot', 'Casey', 'Hampton', 'IS96361097583', 'non.dui@Morbineque.edu', '3811 Penatibus Ave', '850776691'),
(132, 'Amal', 'Black', 'Hartman', 'DK73923087295', 'lectus.pede.et@turpis.net', '7880 Sed Avenue', '351422295'),
(133, 'Timon', 'Blake', 'Cleveland', 'PL61074842164', 'Nulla.aliquet.Proin@adlitoratorquent.com', '770-7280 Facilisis Avenue', '321508608'),
(134, 'Geraldine', 'Figueroa', 'Mcfarland', 'MD82324219470', 'sem@libero.ca', '312-6852 Tempor Avenue', '068254467'),
(135, 'Cedric', 'Welch', 'Donovan', 'BE48212684419', 'fringilla.ornare.placerat@malesuada.com', 'Ap #204-6242 Luctus Av.', '991664340'),
(136, 'Shelly', 'Farmer', 'Olsen', 'DE09057022563', 'Curabitur@arcuvel.net', 'P.O. Box 857, 2370 Neque Ave', '880068671'),
(137, 'Myles', 'Fulton', 'Sexton', 'RS49973854094', 'Morbi.vehicula@idmagnaet.net', '425-8947 Vel, St.', '719332839'),
(138, 'Yuli', 'Rhodes', 'Larsen', 'SE30531043709', 'fermentum.metus@rhoncusProin.org', 'Ap #925-7436 Lacus. Rd.', '589644899'),
(139, 'Kitra', 'Ryan', 'Douglas', 'FO19137087630', 'aliquet.libero.Integer@nonummy.org', '653-5294 Ut Road', '641743259'),
(140, 'Seth', 'Burnett', 'Eaton', 'LI78543621324', 'montes@hendrerit.edu', 'Ap #703-9567 Cum Rd.', '351315433'),
(141, 'Cally', 'Mercer', 'Greene', 'KZ24311047583', 'vel.pede@Suspendissetristique.ca', '969 Luctus. Rd.', '328505485'),
(142, 'Josephine', 'Green', 'Bryant', 'CH70203159666', 'venenatis.vel@diamat.co.uk', 'P.O. Box 232, 6835 Non, Avenue', '591568816'),
(143, 'Wing', 'Gill', 'Wolf', 'NO06979130104', 'nec@nuncestmollis.ca', '6874 Vestibulum. Ave', '748757301'),
(144, 'Murphy', 'Walters', 'Lancaster', 'BH81087352367', 'sagittis@Donecfelisorci.com', '6596 Mauris. St.', '465318933'),
(145, 'Haviva', 'Kane', 'Buchanan', 'PK15246411854', 'Nunc@hendreritconsectetuercursus.co.uk', 'P.O. Box 587, 791 Non Avenue', '935802275'),
(146, 'Petra', 'Gill', 'Abbott', 'CR16523616122', 'pretium.neque@necmollis.edu', 'Ap #181-2682 Varius. Av.', '305833748'),
(147, 'Chaney', 'Brewer', 'Sheppard', 'CH49954429012', 'augue.eu.tempor@tristique.net', '341-8472 Malesuada Rd.', '288496107'),
(148, 'Ronan', 'Carr', 'Irwin', 'CH91824531909', 'justo.faucibus.lectus@magnaa.net', '742-3633 Ridiculus Street', '111825773'),
(149, 'Dexter', 'Silva', 'Mccall', 'RO46WFLA17365', 'et.magnis@turpisnon.com', '332-5765 Dapibus Ave', '145757138'),
(150, 'Mariko', 'Glover', 'Fischer', 'LI67648258845', 'ut.aliquam.iaculis@adipiscingenimmi.com', 'P.O. Box 500, 3938 Placerat, Ave', '226767363'),
(151, 'Remedios', 'Herring', 'Buckley', 'CZ45652184338', 'Cum@egestasAliquamfringilla.org', 'Ap #896-1502 Egestas Ave', '568838764'),
(152, 'Talon', 'Tillman', 'Sexton', 'TN60581658704', 'commodo@luctus.org', 'Ap #707-8485 Ullamcorper. St.', '747652391'),
(153, 'Steven', 'Harvey', 'Wade', 'PK29437002157', 'lacinia.at.iaculis@gravidamaurisut.net', 'P.O. Box 813, 2449 Est. Road', '669786337'),
(154, 'Dante', 'Odonnell', 'Munoz', 'FO66836103479', 'nec@sapien.edu', '1795 Senectus Rd.', '895572783'),
(155, 'Cruz', 'Manning', 'Welch', 'BA97226050060', 'eget.metus@pulvinararcuet.com', 'Ap #545-7602 Tempor Avenue', '192916993'),
(156, 'Hashim', 'Gaines', 'Glover', 'SM06949347973', 'vel.arcu@vitaeerat.org', '231-5179 Dui. Rd.', '337668483'),
(157, 'Kathleen', 'Camacho', 'Russo', 'MK20682662959', 'varius.et.euismod@urnaUt.net', '1689 Elit, Avenue', '177954185'),
(158, 'Demetrius', 'English', 'Mcguire', 'CY06641775546', 'mattis@faucibusid.ca', 'P.O. Box 446, 3185 Massa. Rd.', '413164619'),
(159, 'Noelani', 'Rivera', 'Hancock', 'SA68783515635', 'Cum@disparturient.co.uk', 'P.O. Box 678, 3181 Arcu Rd.', '153813450'),
(160, 'Armand', 'Pena', 'Hensley', 'BE86925683248', 'sociis@gravidaPraesent.co.uk', '200-4192 Lacus. Road', '555968933'),
(161, 'James', 'Roth', 'Rojas', 'IT802IIQZI512', 'Proin.ultrices.Duis@semper.org', 'P.O. Box 662, 3850 Vitae Rd.', '697060480'),
(162, 'Christopher', 'Rosa', 'Blackburn', 'SI05016568412', 'nascetur.ridiculus@cursusNunc.org', '876-8968 Ut, Street', '656127530'),
(163, 'Murphy', 'Newton', 'Singleton', 'PK92150860839', 'Suspendisse@urnaNullamlobortis.edu', 'Ap #298-6544 Dolor. Street', '604614526'),
(164, 'Nevada', 'Delgado', 'Cash', 'SM30789136125', 'auctor@consequatauctornunc.edu', '184-255 Aliquam Av.', '696731635'),
(165, 'Howard', 'Noble', 'Alford', 'CR86015297841', 'Quisque.ac.libero@Fusce.ca', '4976 Pellentesque Rd.', '566066361'),
(166, 'Giacomo', 'Foster', 'Dale', 'EE23361856141', 'neque.non.quam@at.net', '361-8671 Non Rd.', '627839578'),
(167, 'Frances', 'Roy', 'Perry', 'LV94OESC25251', 'amet.diam@ullamcorperDuis.net', '248-6501 Gravida Av.', '561804738'),
(168, 'Hadley', 'Mckee', 'Douglas', 'CY78046492409', 'auctor@mollisvitae.com', '7187 Iaculis, Rd.', '207415293'),
(169, 'Dillon', 'Benson', 'Mcdonald', 'CR37503380258', 'pharetra.nibh@cursus.org', '382-6892 Libero. Av.', '606589645'),
(170, 'Baxter', 'Shields', 'Powers', 'IT952QDMJI437', 'ligula.Aliquam@atauctorullamcorper.net', '592-7003 Sit St.', '229779018'),
(171, 'Lamar', 'Castro', 'Fry', 'SI96931986558', 'id@Aliquamvulputateullamcorper.com', '376-7278 Scelerisque St.', '643490513'),
(172, 'Holly', 'Henson', 'Cash', 'DK05422561834', 'gravida@cursuset.com', 'P.O. Box 760, 2645 Morbi St.', '364617658'),
(173, 'Kareem', 'Williamson', 'Sanders', 'GT75840893423', 'Sed.diam.lorem@elementumsemvitae.ca', '861-3189 Tortor. St.', '990454752'),
(174, 'Sawyer', 'Morrison', 'Stuart', 'SE39881768500', 'diam.luctus.lobortis@odio.net', 'Ap #274-7845 Ipsum St.', '265486685'),
(175, 'Reuben', 'Sweet', 'Schultz', 'IS90426705824', 'ipsum.cursus@leo.edu', '626-1725 Sed St.', '268351786'),
(176, 'Leilani', 'Rhodes', 'Schmidt', 'CY93026187322', 'metus.In@temporeratneque.org', 'Ap #390-5158 Pede. Av.', '041917588'),
(177, 'Matthew', 'Cardenas', 'Noel', 'TR67725708205', 'Quisque.ac@ipsum.co.uk', 'P.O. Box 986, 2271 Primis Road', '420473475'),
(178, 'Cecilia', 'Sanders', 'Dixon', 'HU14142002697', 'odio.tristique.pharetra@Maurisvestibulum.ca', '7495 Dapibus Road', '194438843'),
(179, 'Joelle', 'Kerr', 'Quinn', 'FR42950458419', 'ultrices@aliquamenimnec.net', '716-203 Consequat Rd.', '919612582'),
(180, 'Tiger', 'Wagner', 'Singleton', 'SI28424551209', 'tristique@urnaUttincidunt.edu', 'P.O. Box 371, 5687 Euismod Street', '713596261'),
(181, 'Shafira', 'Craig', 'Robertson', 'NO17886267408', 'in.molestie@etnetuset.com', 'Ap #736-5858 Lobortis Av.', '008310233'),
(182, 'Kylie', 'Lewis', 'Norman', 'AE75181609025', 'orci@gravida.co.uk', 'Ap #519-919 Dis Rd.', '804512013'),
(183, 'Sonya', 'Clayton', 'Crane', 'LU33418901072', 'Proin.vel.arcu@nisimagna.net', 'Ap #360-6251 Lectus Road', '807978225'),
(184, 'Charissa', 'Ward', 'Livingston', 'PT44520055260', 'scelerisque.lorem@rhoncusProinnisl.com', '7930 Dui Road', '140701030'),
(185, 'George', 'Crane', 'Rosales', 'AZ16194895144', 'semper.erat.in@sagittis.edu', 'Ap #653-747 Mus. Av.', '719046055'),
(186, 'Harlan', 'Valentine', 'William', 'AZ33763006524', 'condimentum.eget@pede.com', 'Ap #329-6881 Suspendisse Rd.', '018054288'),
(187, 'Erin', 'Guy', 'Massey', 'AE26270648486', 'at@porttitor.com', '176-7319 Convallis St.', '520346575'),
(188, 'Nero', 'Woods', 'Hester', 'SI47854892021', 'tempor.erat.neque@dapibusquamquis.edu', '503-5738 Lorem Avenue', '338530919'),
(189, 'Isabelle', 'Manning', 'Rogers', 'EE57427214210', 'ullamcorper@Maurismolestie.ca', '654-1455 Mattis St.', '505883589'),
(190, 'Urielle', 'Reese', 'Martin', 'AL51763462954', 'at.iaculis@leoMorbineque.co.uk', '202-5207 Placerat Rd.', '819773857'),
(191, 'Doris', 'Patel', 'Henderson', 'LB59282479040', 'pede@loremeget.com', '8889 Sed Road', '576634753'),
(192, 'Jack', 'Short', 'Cook', 'GR84097205173', 'arcu@parturientmontesnascetur.co.uk', 'Ap #184-7151 Vitae St.', '059974857'),
(193, 'Keelie', 'Fleming', 'Moss', 'AZ40103770409', 'dolor@vehiculaetrutrum.ca', '7464 Quam Street', '679129446'),
(194, 'Brady', 'Estes', 'Silva', 'BE48044038674', 'Integer@elit.edu', '739-1309 Eu, Street', '035392435'),
(195, 'Mariko', 'Thomas', 'Burgess', 'ME37141063264', 'Vestibulum.accumsan@sit.org', 'Ap #195-1693 Eu St.', '813658846'),
(196, 'Thaddeus', 'Wooten', 'Schneider', 'LI76591526132', 'in@luctusetultrices.com', '7522 Lorem Road', '262118898'),
(197, 'Alfonso', 'Clemons', 'Sims', 'LI61397668666', 'ut.eros@ultrices.org', '558-9561 Purus St.', '820228087'),
(198, 'Carson', 'Butler', 'Mercer', 'VG33687714567', 'erat.eget@magna.com', 'Ap #808-9501 Taciti Ave', '987175649'),
(199, 'Bradley', 'Mayo', 'Horn', 'CH60865555756', 'sed.dictum.eleifend@dolor.co.uk', '2980 Lorem St.', '650220130'),
(200, 'Bo', 'Clements', 'Lloyd', 'EE20981395663', 'Aliquam.nisl@Phasellusataugue.ca', 'Ap #480-477 Nisi Ave', '443172731'),
(201, 'Jada', 'Norman', 'Griffith', 'FR22002758507', 'ante@euelitNulla.net', '994-2383 Pede, Street', '969858495'),
(202, 'Joan', 'Bradford', 'Edwards', 'LV50TSDZ31186', 'morbi.tristique@et.edu', '512-4080 Tellus. Rd.', '867316267'),
(203, 'Inez', 'Kline', 'Mullen', 'MC54298242499', 'id.ante.dictum@metussitamet.ca', 'P.O. Box 328, 2894 Nunc St.', '783768138'),
(204, 'Martina', 'Duncan', 'Clark', 'BA28060287747', 'odio@massa.co.uk', 'Ap #967-5990 Nisi Rd.', '849416343'),
(205, 'Barclay', 'Skinner', 'Blair', 'DE63458425250', 'nonummy@lacuspedesagittis.edu', '3135 A Av.', '367667083'),
(206, 'Hamilton', 'Garcia', 'Burris', 'GE59223567243', 'Nullam@odioPhasellusat.ca', 'P.O. Box 269, 2962 Vitae, St.', '596709447'),
(207, 'Mikayla', 'Fernandez', 'Walter', 'MU73756904642', 'ac@In.edu', 'Ap #644-9852 Aliquam Street', '690443251'),
(208, 'Desiree', 'Robinson', 'Cline', 'IS51313380138', 'non.dui.nec@malesuada.ca', '626-4968 Aliquam St.', '916752670'),
(209, 'Slade', 'Ellis', 'Bray', 'GL16356683208', 'magnis.dis@interdum.com', '3818 Ultrices St.', '849906728'),
(210, 'Kiayada', 'Monroe', 'Green', 'LI56910394216', 'neque.Nullam.nisl@tempuseu.co.uk', 'Ap #162-1690 Cras Rd.', '456669701'),
(211, 'September', 'Stanley', 'Fox', 'IS45818005084', 'orci.Phasellus.dapibus@convallis.ca', 'P.O. Box 320, 5811 Nisi. Avenue', '955520367'),
(212, 'Cole', 'Bullock', 'Woods', 'LU93097280561', 'volutpat.Nulla@aliquamenim.com', '589-6298 Nibh Av.', '682117205'),
(213, 'Rhea', 'Carroll', 'Rogers', 'KZ37250778827', 'luctus@sed.ca', '887-7257 Sed St.', '854479141'),
(214, 'Kaye', 'Campos', 'Malone', 'BA55075201334', 'fringilla@pede.net', '1757 Ornare Ave', '695140455'),
(215, 'Jakeem', 'Vasquez', 'Medina', 'SK83877709614', 'porttitor.eros.nec@sedlibero.com', '843-3617 Id, St.', '678503952'),
(216, 'Barclay', 'Schmidt', 'Sweet', 'BH80930942749', 'Vivamus.nisi.Mauris@malesuadafames.net', '3855 Eu, Street', '035892914'),
(217, 'Arthur', 'Kramer', 'Santana', 'PK11656363472', 'eget@CurabiturdictumPhasellus.ca', 'P.O. Box 845, 6375 Neque. St.', '341509386'),
(218, 'Carson', 'Rich', 'Turner', 'LT96689271352', 'iaculis.enim.sit@Maurisvestibulumneque.co.uk', 'Ap #390-4515 Nam Av.', '337591372'),
(219, 'Nasim', 'Dale', 'Curtis', 'DK58702938380', 'Etiam@lobortisrisus.co.uk', '3567 Magna. Street', '378004664'),
(220, 'Blossom', 'Acevedo', 'Moore', 'BA95428342601', 'neque@eget.com', 'P.O. Box 489, 3446 Consequat Street', '421239850'),
(221, 'Justina', 'Wheeler', 'Cruz', 'PT43102369661', 'erat.vitae@utaliquamiaculis.ca', 'Ap #642-580 Sed Avenue', '817974055'),
(222, 'Yetta', 'Sherman', 'Mills', 'AL90302259661', 'Nunc.ullamcorper.velit@egestasDuisac.net', '1463 Commodo Rd.', '544413173'),
(223, 'Amal', 'Olson', 'Watts', 'MU85702375395', 'Proin.mi@Curabitursed.edu', 'P.O. Box 558, 4821 Lectus Av.', '941912563'),
(224, 'Jonas', 'Romero', 'Rice', 'AZ44852816696', 'vel.est.tempor@fringilla.ca', 'Ap #152-778 In, Avenue', '636357214'),
(225, 'Jordan', 'Stewart', 'Avery', 'VG89231098872', 'interdum.Nunc.sollicitudin@enimnonnisi.net', 'Ap #178-9008 Sem St.', '226416952'),
(226, 'Mary', 'Buchanan', 'Grimes', 'DK51699968478', 'Sed.malesuada@etrisus.net', '994-7518 Tincidunt St.', '847759454'),
(227, 'Victor', 'Carver', 'Moss', 'MU82709320113', 'tortor.at.risus@ornareInfaucibus.edu', 'P.O. Box 188, 4414 Nam Avenue', '355821637'),
(228, 'Carissa', 'Buchanan', 'Edwards', 'GT09923702347', 'velit@malesuadaut.com', '986 Amet, St.', '724414711'),
(229, 'Uma', 'Zimmerman', 'Abbott', 'VG75114303303', 'ligula@augueid.edu', '7411 Arcu. Avenue', '313479546'),
(230, 'Ebony', 'Sampson', 'Fulton', 'LU42132288982', 'tellus.lorem.eu@duiFusce.com', '9946 Aliquam Ave', '824592489'),
(231, 'Illana', 'Velez', 'Boyd', 'MD70215778528', 'In@auctorullamcorper.net', 'Ap #241-8660 Fames St.', '080681931'),
(232, 'Rajah', 'Sutton', 'England', 'PK08391593989', 'amet.risus@egestaslacinia.org', 'Ap #601-8193 Phasellus Ave', '694473915'),
(233, 'Madaline', 'Hobbs', 'Gonzales', 'PS77685954453', 'diam@non.com', 'P.O. Box 104, 8702 Lorem Ave', '915707291'),
(234, 'Noelani', 'Williams', 'Jones', 'PL79892882061', 'nec.tellus.Nunc@hendrerit.com', '3621 Nunc Road', '909289695'),
(235, 'Aladdin', 'Johnson', 'Vance', 'SI69756332427', 'Nunc@Nulla.edu', 'Ap #763-347 Erat. St.', '442875946'),
(236, 'Barry', 'Aguilar', 'Patel', 'VG19297257122', 'Mauris.vel.turpis@leoelementum.net', 'Ap #918-5430 Amet St.', '745791416'),
(237, 'Branden', 'Keller', 'Brady', 'MK25086894212', 'Nunc.mauris@velarcu.ca', 'P.O. Box 783, 3261 Lobortis Ave', '635696730'),
(238, 'Tatiana', 'Stevenson', 'Carter', 'DE90499800038', 'eros@liberodui.com', 'Ap #472-9331 Semper St.', '191217776'),
(239, 'Eagan', 'Finch', 'Rivera', 'EE74873562788', 'congue@DuisgravidaPraesent.org', '3829 Dignissim St.', '532846200'),
(240, 'Brennan', 'Riley', 'Hart', 'TN77036863327', 'urna.Vivamus.molestie@nonummy.org', 'P.O. Box 830, 5764 Condimentum Av.', '308575557'),
(241, 'Ali', 'Contreras', 'Reyes', 'IL09050491221', 'at@lectusa.edu', 'Ap #306-9293 Elit Ave', '557005718'),
(242, 'Rae', 'Horne', 'Navarro', 'RS61621088561', 'Proin.eget@vestibulumMaurismagna.net', '856-7412 Posuere Rd.', '788845969'),
(243, 'Beck', 'James', 'Stephens', 'CY17773344654', 'Phasellus.dapibus.quam@diamluctus.com', '794-1381 Integer Road', '836492839'),
(244, 'Britanney', 'Bean', 'Roman', 'AD32148114276', 'dignissim.tempor.arcu@dolorQuisquetincidunt.com', 'Ap #596-2287 Metus Street', '322863435'),
(245, 'Indigo', 'Noel', 'Jefferson', 'IL59907852809', 'Nulla.tempor.augue@pellentesquetellus.org', '494-3062 Non Rd.', '393779375'),
(246, 'James', 'Chandler', 'Mckenzie', 'DK29763533155', 'Integer.vulputate@parturientmontesnascetur.ca', '8554 Mauris Avenue', '003125493'),
(247, 'Quail', 'Mayer', 'Barry', 'NL92XKPX44195', 'enim.Sed@leoMorbineque.ca', 'P.O. Box 547, 6548 Sapien. Ave', '022999505'),
(248, 'Idona', 'Huber', 'Stevenson', 'NO11856777172', 'metus@cursusluctus.edu', '660-5661 Erat Street', '478478996'),
(249, 'Stacy', 'Douglas', 'Blanchard', 'DK41732168665', 'magna@mauris.net', '682-3705 Ultricies Ave', '771451552'),
(250, 'Nash', 'Snow', 'Glenn', 'MK50183707379', 'elit.pede.malesuada@elit.co.uk', '5518 Suspendisse Rd.', '409632937'),
(251, 'Madison', 'Hart', 'Rutledge', 'RS18111325583', 'fermentum.arcu@a.edu', '9866 Placerat St.', '063872358'),
(252, 'Adara', 'Rowe', 'Thomas', 'HU81644879115', 'montes.nascetur.ridiculus@Vestibulum.com', '790-7014 Condimentum Av.', '228966685'),
(253, 'Denise', 'Hamilton', 'Reid', 'PL15100594087', 'Phasellus.vitae.mauris@atpede.com', 'P.O. Box 875, 734 Nulla Road', '554711372'),
(254, 'Juliet', 'Nunez', 'Fuentes', 'RS77711603978', 'mollis.dui@dolorquamelementum.ca', '8512 Vitae Av.', '361227416'),
(255, 'Brielle', 'Good', 'Sykes', 'MD80984681685', 'et@nostra.edu', '9672 Erat St.', '150368252'),
(256, 'Ann', 'Stanley', 'Owens', 'AZ02037199977', 'taciti.sociosqu.ad@magnaUt.ca', '8368 A Rd.', '072270135'),
(257, 'Xantha', 'Harper', 'Olson', 'LU76018885619', 'neque@Fuscefeugiat.net', 'P.O. Box 160, 1562 Amet St.', '082017310'),
(258, 'Nissim', 'Fernandez', 'Gross', 'LI54194500844', 'at@felis.com', '7818 Vivamus St.', '418911641'),
(259, 'Iona', 'Wolfe', 'Todd', 'LU06117862335', 'lobortis@mi.edu', '359 Aliquam Rd.', '202080005'),
(260, 'Libby', 'Day', 'May', 'ME38552868095', 'Nunc@atnisi.org', '4015 Imperdiet, Ave', '171800784'),
(261, 'Amal', 'Estes', 'Cash', 'BE82107975624', 'nascetur@arcu.edu', 'Ap #171-8971 Vel Ave', '917035744'),
(262, 'Miriam', 'Madden', 'Jennings', 'RS41153756299', 'tellus.Phasellus@Vivamus.ca', '8466 Commodo Rd.', '160812897'),
(263, 'Chantale', 'Fuentes', 'Good', 'CR40331223808', 'dolor.tempus@luctussit.net', '536-9990 Placerat. Road', '613770949'),
(264, 'Rhoda', 'Anthony', 'Carson', 'SK45793189570', 'eu.eros@atsemmolestie.edu', '7640 Mi Street', '980791367'),
(265, 'Hiram', 'Barrera', 'Zamora', 'CH36382614678', 'sed.dolor@Sed.edu', '644 Mollis. Avenue', '404507499'),
(266, 'Channing', 'Craft', 'Bradley', 'CR85705705281', 'libero@orciluctuset.net', '8078 Sed, St.', '583116922'),
(267, 'Elvis', 'Chavez', 'Peck', 'LV27NNUU54182', 'Nunc.mauris@senectus.net', '452-7354 Est, St.', '043796157'),
(268, 'Adria', 'Barnes', 'Yang', 'PT13184476369', 'dui@maurissagittis.com', '9572 Malesuada Rd.', '187819296'),
(269, 'Octavia', 'Walsh', 'Dyer', 'MT89WZAU96879', 'magna@sedsapien.ca', 'Ap #181-8055 Amet Ave', '795689558'),
(270, 'Jeremy', 'Brennan', 'Mcleod', 'PS94210624572', 'pede.Praesent.eu@eratneque.com', 'P.O. Box 407, 3994 Donec St.', '380613980'),
(271, 'Jesse', 'Leach', 'Cochran', 'AE51816366795', 'sagittis.felis.Donec@etarcuimperdiet.co.uk', 'P.O. Box 768, 2747 Porta Avenue', '832891305'),
(272, 'Heidi', 'Mcmillan', 'Beck', 'AZ96981897006', 'lobortis.augue.scelerisque@blanditviverraDonec.net', '345-7509 Aenean Rd.', '035949726'),
(273, 'Yeo', 'Cook', 'Knowles', 'GL60994420090', 'a.enim@SuspendissesagittisNullam.net', 'P.O. Box 911, 8349 Erat Avenue', '007726051'),
(274, 'Carson', 'Larson', 'Houston', 'AE62041017165', 'orci@massarutrum.org', 'P.O. Box 935, 7510 In St.', '256567736'),
(275, 'Myles', 'Vega', 'Aguilar', 'BH30040342887', 'posuere.vulputate@nuncInat.co.uk', 'P.O. Box 103, 7315 Orci, Rd.', '516011692'),
(276, 'Harlan', 'Oneil', 'Pate', 'IT333BVZYI962', 'diam.dictum.sapien@ultricies.edu', '1389 Penatibus Street', '807111078'),
(277, 'Malik', 'Wooten', 'Quinn', 'SM43066310542', 'egestas@musProinvel.edu', '538-4210 Purus. St.', '231905555'),
(278, 'Idola', 'Salas', 'Jenkins', 'ES18448604946', 'eu.dolor.egestas@tortorat.org', '4822 Est, Road', '715259276'),
(279, 'Mufutau', 'Gilliam', 'Hurst', 'TR09630981494', 'Proin.nisl@nec.co.uk', 'P.O. Box 228, 5857 Enim, Ave', '594825645'),
(280, 'Brynne', 'Moore', 'Mullen', 'PK15591099241', 'mauris.id@ac.net', '476-6075 Donec Street', '928290076'),
(281, 'Thaddeus', 'Gamble', 'Hendrix', 'AT85950953540', 'neque.Nullam.nisl@faucibusorci.org', 'Ap #646-8558 Nec St.', '554386795'),
(282, 'Justine', 'Ferrell', 'Durham', 'IE88DOBN06336', 'nisl@magna.org', 'P.O. Box 341, 6030 Vitae Rd.', '337542051'),
(283, 'Kai', 'Burns', 'Chandler', 'IE39QIBR30950', 'enim.Sed@Cum.org', '5074 Fringilla. Av.', '711294527'),
(284, 'Winifred', 'Richmond', 'Cherry', 'IE86MXCQ84174', 'est@sitametluctus.com', 'Ap #971-4379 Est Rd.', '981054750'),
(285, 'Bevis', 'Mccoy', 'Perry', 'SA95339052848', 'augue@nonenimMauris.com', 'P.O. Box 574, 7499 Tempor Av.', '117829861'),
(286, 'Iola', 'Garrett', 'Hays', 'LT93404620990', 'turpis.egestas.Fusce@faucibus.edu', '821-2012 Pharetra Rd.', '296368139'),
(287, 'Savannah', 'Landry', 'Francis', 'LT20674577357', 'pretium.et@euenimEtiam.com', '812-4390 Interdum Avenue', '573268899'),
(288, 'Brady', 'Pate', 'Adkins', 'EE95932248357', 'magna.Nam.ligula@ultrices.com', 'P.O. Box 745, 1309 Auctor Rd.', '765359743'),
(289, 'Tallulah', 'Saunders', 'Silva', 'DO75288511447', 'lectus.sit@molestie.net', '5580 In, St.', '902132408'),
(290, 'Jessica', 'Frye', 'Porter', 'SM17504499360', 'vulputate.dui.nec@cursus.ca', '4063 Semper Rd.', '246703419'),
(291, 'Reagan', 'Martin', 'Blackwell', 'RS34440415598', 'tortor.Integer@lorem.org', 'Ap #402-538 Curabitur Rd.', '927878738'),
(292, 'Lucius', 'Elliott', 'Small', 'CH58251145951', 'nonummy.ut@sit.net', 'P.O. Box 484, 976 Magna Road', '581044561'),
(293, 'Zephr', 'Steele', 'Battle', 'TR82999306234', 'fermentum@feugiat.net', 'Ap #720-9912 Urna. Rd.', '011576754'),
(294, 'Carol', 'Cooley', 'Barrett', 'IS29719358055', 'erat.nonummy@justoProinnon.net', 'Ap #776-2575 Lacus. St.', '900840711'),
(295, 'Jared', 'Crawford', 'Weber', 'MC86566793939', 'vitae.orci@neque.org', 'P.O. Box 616, 1588 Nisl Rd.', '306905413'),
(296, 'Hoyt', 'Bond', 'Trevino', 'GB38IJNC52865', 'molestie.arcu@semconsequatnec.edu', 'P.O. Box 878, 5998 Nulla Road', '566513069'),
(297, 'Veronica', 'Barnett', 'Dillon', 'PK25714456133', 'Proin.dolor@ligulaAeneaneuismod.ca', 'P.O. Box 295, 4473 Pellentesque. Av.', '317270391'),
(298, 'Maia', 'Wiley', 'Day', 'IE82HLJL44299', 'pulvinar@vulputaterisusa.com', '9178 Nullam Rd.', '561327608'),
(299, 'May', 'Vaughan', 'Hobbs', 'GI97JMWF45477', 'auctor.odio.a@suscipit.edu', '643-8325 Tempus Road', '565436544'),
(300, 'Troy', 'Shepard', 'Taylor', 'BA58110864061', 'tellus@neceuismod.edu', 'P.O. Box 465, 5529 Elit. Street', '946606936');

-- --------------------------------------------------------

--
-- Estructura de tabla para la tabla `tablatarjetas`
--

CREATE TABLE IF NOT EXISTS `tablatarjetas` (
`noTarjeta` int(11) NOT NULL,
  `tipoTarjeta` varchar(10) COLLATE latin1_spanish_ci NOT NULL,
  `nivel` varchar(10) COLLATE latin1_spanish_ci NOT NULL,
  `comisionAnual` float NOT NULL,
  `estado` varchar(10) COLLATE latin1_spanish_ci NOT NULL
) ENGINE=InnoDB AUTO_INCREMENT=301 DEFAULT CHARSET=latin1 COLLATE=latin1_spanish_ci;

--
-- Volcado de datos para la tabla `tablatarjetas`
--

INSERT INTO `tablatarjetas` (`noTarjeta`, `tipoTarjeta`, `nivel`, `comisionAnual`, `estado`) VALUES
(1, 'debito', 'basica', 0.3, 'activa'),
(2, 'credito', 'platino', 0.2, 'cancelada'),
(3, 'debito', 'oro', 0.2, 'cancelada'),
(4, 'credito', 'platino', 0.1, 'cancelada'),
(5, 'credito', 'platino', 0.2, 'cancelada'),
(6, 'debito', 'basica', 0.2, 'cancelada'),
(7, 'credito', 'platino', 0.3, 'activa'),
(8, 'credito', 'platino', 0.1, 'cancelada'),
(9, 'debito', 'oro', 0.3, 'cancelada'),
(10, 'credito', 'basica', 0.2, 'activa'),
(11, 'debito', 'basica', 0.1, 'cancelada'),
(12, 'debito', 'oro', 0.2, 'activa'),
(13, 'credito', 'platino', 0.1, 'cancelada'),
(14, 'credito', 'basica', 0.3, 'activa'),
(15, 'debito', 'platino', 0.2, 'activa'),
(16, 'debito', 'oro', 0.3, 'activa'),
(17, 'debito', 'oro', 0.1, 'cancelada'),
(18, 'debito', 'basica', 0.1, 'cancelada'),
(19, 'debito', 'platino', 0.3, 'cancelada'),
(20, 'credito', 'basica', 0.3, 'activa'),
(21, 'debito', 'basica', 0.2, 'cancelada'),
(22, 'credito', 'oro', 0.2, 'activa'),
(23, 'debito', 'basica', 0.3, 'cancelada'),
(24, 'credito', 'basica', 0.2, 'activa'),
(25, 'credito', 'platino', 0.2, 'cancelada'),
(26, 'debito', 'oro', 0.3, 'activa'),
(27, 'debito', 'basica', 0.2, 'cancelada'),
(28, 'debito', 'platino', 0.1, 'activa'),
(29, 'credito', 'platino', 0.1, 'activa'),
(30, 'debito', 'platino', 0.3, 'cancelada'),
(31, 'debito', 'platino', 0.1, 'activa'),
(32, 'credito', 'platino', 0.3, 'cancelada'),
(33, 'credito', 'basica', 0.2, 'cancelada'),
(34, 'credito', 'basica', 0.1, 'activa'),
(35, 'debito', 'oro', 0.2, 'activa'),
(36, 'debito', 'platino', 0.2, 'cancelada'),
(37, 'credito', 'basica', 0.1, 'activa'),
(38, 'credito', 'basica', 0.3, 'activa'),
(39, 'debito', 'basica', 0.3, 'cancelada'),
(40, 'credito', 'basica', 0.2, 'activa'),
(41, 'debito', 'basica', 0.1, 'cancelada'),
(42, 'debito', 'platino', 0.3, 'activa'),
(43, 'debito', 'oro', 0.3, 'activa'),
(44, 'credito', 'basica', 0.1, 'activa'),
(45, 'debito', 'oro', 0.1, 'cancelada'),
(46, 'debito', 'oro', 0.1, 'activa'),
(47, 'debito', 'platino', 0.2, 'cancelada'),
(48, 'credito', 'oro', 0.2, 'activa'),
(49, 'credito', 'basica', 0.1, 'cancelada'),
(50, 'credito', 'platino', 0.1, 'activa'),
(51, 'credito', 'basica', 0.1, 'cancelada'),
(52, 'credito', 'oro', 0.1, 'cancelada'),
(53, 'credito', 'basica', 0.2, 'activa'),
(54, 'credito', 'oro', 0.3, 'cancelada'),
(55, 'debito', 'basica', 0.1, 'activa'),
(56, 'debito', 'platino', 0.3, 'activa'),
(57, 'credito', 'oro', 0.3, 'cancelada'),
(58, 'credito', 'basica', 0.1, 'cancelada'),
(59, 'credito', 'platino', 0.1, 'cancelada'),
(60, 'credito', 'basica', 0.1, 'activa'),
(61, 'debito', 'platino', 0.2, 'activa'),
(62, 'credito', 'basica', 0.2, 'activa'),
(63, 'debito', 'oro', 0.3, 'activa'),
(64, 'credito', 'basica', 0.3, 'cancelada'),
(65, 'credito', 'oro', 0.1, 'activa'),
(66, 'debito', 'platino', 0.1, 'activa'),
(67, 'debito', 'basica', 0.2, 'activa'),
(68, 'credito', 'platino', 0.1, 'activa'),
(69, 'debito', 'oro', 0.3, 'cancelada'),
(70, 'credito', 'oro', 0.1, 'activa'),
(71, 'credito', 'platino', 0.1, 'activa'),
(72, 'credito', 'basica', 0.2, 'cancelada'),
(73, 'debito', 'platino', 0.1, 'activa'),
(74, 'credito', 'platino', 0.1, 'activa'),
(75, 'debito', 'basica', 0.2, 'cancelada'),
(76, 'credito', 'oro', 0.3, 'activa'),
(77, 'credito', 'basica', 0.1, 'cancelada'),
(78, 'credito', 'oro', 0.1, 'activa'),
(79, 'debito', 'basica', 0.2, 'cancelada'),
(80, 'credito', 'basica', 0.3, 'cancelada'),
(81, 'credito', 'platino', 0.3, 'cancelada'),
(82, 'credito', 'platino', 0.1, 'activa'),
(83, 'debito', 'basica', 0.2, 'cancelada'),
(84, 'credito', 'basica', 0.3, 'activa'),
(85, 'credito', 'oro', 0.2, 'cancelada'),
(86, 'debito', 'oro', 0.1, 'cancelada'),
(87, 'debito', 'oro', 0.3, 'activa'),
(88, 'credito', 'oro', 0.2, 'cancelada'),
(89, 'debito', 'platino', 0.2, 'cancelada'),
(90, 'debito', 'oro', 0.1, 'activa'),
(91, 'debito', 'oro', 0.3, 'activa'),
(92, 'credito', 'oro', 0.2, 'activa'),
(93, 'credito', 'oro', 0.2, 'cancelada'),
(94, 'debito', 'basica', 0.3, 'cancelada'),
(95, 'credito', 'basica', 0.2, 'activa'),
(96, 'debito', 'basica', 0.2, 'activa'),
(97, 'debito', 'oro', 0.2, 'cancelada'),
(98, 'debito', 'oro', 0.3, 'activa'),
(99, 'debito', 'basica', 0.3, 'cancelada'),
(100, 'debito', 'platino', 0.1, 'activa'),
(101, 'credito', 'platino', 0.2, 'cancelada'),
(102, 'credito', 'platino', 0.1, 'cancelada'),
(103, 'credito', 'oro', 0.3, 'activa'),
(104, 'debito', 'basica', 0.3, 'cancelada'),
(105, 'debito', 'oro', 0.3, 'cancelada'),
(106, 'credito', 'platino', 0.3, 'cancelada'),
(107, 'credito', 'basica', 0.1, 'activa'),
(108, 'debito', 'platino', 0.1, 'activa'),
(109, 'credito', 'oro', 0.1, 'activa'),
(110, 'debito', 'oro', 0.1, 'activa'),
(111, 'credito', 'basica', 0.2, 'activa'),
(112, 'debito', 'platino', 0.3, 'cancelada'),
(113, 'debito', 'platino', 0.2, 'activa'),
(114, 'debito', 'oro', 0.1, 'cancelada'),
(115, 'debito', 'oro', 0.1, 'cancelada'),
(116, 'debito', 'basica', 0.1, 'activa'),
(117, 'debito', 'platino', 0.2, 'activa'),
(118, 'debito', 'basica', 0.3, 'activa'),
(119, 'credito', 'basica', 0.3, 'activa'),
(120, 'debito', 'platino', 0.1, 'cancelada'),
(121, 'credito', 'oro', 0.1, 'activa'),
(122, 'debito', 'platino', 0.2, 'cancelada'),
(123, 'credito', 'platino', 0.1, 'activa'),
(124, 'credito', 'platino', 0.3, 'cancelada'),
(125, 'credito', 'oro', 0.1, 'activa'),
(126, 'credito', 'platino', 0.2, 'cancelada'),
(127, 'credito', 'basica', 0.2, 'cancelada'),
(128, 'debito', 'oro', 0.1, 'activa'),
(129, 'credito', 'oro', 0.3, 'activa'),
(130, 'credito', 'basica', 0.2, 'cancelada'),
(131, 'debito', 'basica', 0.2, 'activa'),
(132, 'debito', 'oro', 0.1, 'cancelada'),
(133, 'debito', 'oro', 0.1, 'activa'),
(134, 'debito', 'platino', 0.2, 'cancelada'),
(135, 'credito', 'oro', 0.3, 'cancelada'),
(136, 'credito', 'oro', 0.2, 'cancelada'),
(137, 'credito', 'basica', 0.2, 'cancelada'),
(138, 'debito', 'basica', 0.3, 'cancelada'),
(139, 'credito', 'platino', 0.3, 'cancelada'),
(140, 'credito', 'oro', 0.1, 'activa'),
(141, 'debito', 'platino', 0.2, 'activa'),
(142, 'debito', 'oro', 0.1, 'cancelada'),
(143, 'debito', 'basica', 0.3, 'cancelada'),
(144, 'credito', 'oro', 0.1, 'cancelada'),
(145, 'credito', 'basica', 0.2, 'activa'),
(146, 'credito', 'oro', 0.3, 'activa'),
(147, 'credito', 'platino', 0.2, 'cancelada'),
(148, 'credito', 'basica', 0.3, 'activa'),
(149, 'credito', 'platino', 0.3, 'activa'),
(150, 'credito', 'platino', 0.1, 'activa'),
(151, 'credito', 'platino', 0.2, 'cancelada'),
(152, 'credito', 'platino', 0.3, 'cancelada'),
(153, 'credito', 'basica', 0.1, 'activa'),
(154, 'debito', 'oro', 0.3, 'cancelada'),
(155, 'debito', 'platino', 0.1, 'activa'),
(156, 'debito', 'basica', 0.3, 'cancelada'),
(157, 'debito', 'basica', 0.2, 'activa'),
(158, 'credito', 'oro', 0.2, 'activa'),
(159, 'credito', 'platino', 0.3, 'activa'),
(160, 'debito', 'oro', 0.2, 'activa'),
(161, 'credito', 'oro', 0.1, 'activa'),
(162, 'debito', 'platino', 0.1, 'activa'),
(163, 'debito', 'platino', 0.1, 'cancelada'),
(164, 'debito', 'platino', 0.3, 'activa'),
(165, 'credito', 'platino', 0.1, 'activa'),
(166, 'credito', 'platino', 0.1, 'cancelada'),
(167, 'credito', 'oro', 0.1, 'activa'),
(168, 'debito', 'basica', 0.3, 'activa'),
(169, 'credito', 'basica', 0.3, 'activa'),
(170, 'debito', 'basica', 0.1, 'activa'),
(171, 'credito', 'basica', 0.3, 'activa'),
(172, 'debito', 'basica', 0.1, 'cancelada'),
(173, 'debito', 'oro', 0.3, 'cancelada'),
(174, 'debito', 'platino', 0.1, 'cancelada'),
(175, 'debito', 'oro', 0.1, 'cancelada'),
(176, 'debito', 'basica', 0.3, 'cancelada'),
(177, 'debito', 'platino', 0.3, 'cancelada'),
(178, 'credito', 'platino', 0.1, 'cancelada'),
(179, 'debito', 'oro', 0.2, 'activa'),
(180, 'debito', 'basica', 0.3, 'activa'),
(181, 'debito', 'basica', 0.3, 'cancelada'),
(182, 'debito', 'oro', 0.1, 'activa'),
(183, 'debito', 'basica', 0.2, 'cancelada'),
(184, 'debito', 'platino', 0.3, 'cancelada'),
(185, 'credito', 'platino', 0.2, 'activa'),
(186, 'credito', 'basica', 0.3, 'cancelada'),
(187, 'credito', 'oro', 0.1, 'activa'),
(188, 'debito', 'oro', 0.1, 'cancelada'),
(189, 'debito', 'platino', 0.1, 'cancelada'),
(190, 'debito', 'basica', 0.2, 'cancelada'),
(191, 'credito', 'basica', 0.2, 'cancelada'),
(192, 'debito', 'oro', 0.1, 'cancelada'),
(193, 'debito', 'oro', 0.3, 'activa'),
(194, 'credito', 'basica', 0.3, 'activa'),
(195, 'credito', 'basica', 0.2, 'activa'),
(196, 'debito', 'basica', 0.1, 'cancelada'),
(197, 'debito', 'oro', 0.1, 'activa'),
(198, 'credito', 'oro', 0.1, 'cancelada'),
(199, 'credito', 'basica', 0.1, 'cancelada'),
(200, 'debito', 'platino', 0.1, 'cancelada'),
(201, 'credito', 'platino', 0.1, 'cancelada'),
(202, 'credito', 'oro', 0.1, 'cancelada'),
(203, 'debito', 'platino', 0.3, 'activa'),
(204, 'credito', 'basica', 0.1, 'cancelada'),
(205, 'credito', 'basica', 0.2, 'cancelada'),
(206, 'debito', 'basica', 0.1, 'cancelada'),
(207, 'credito', 'oro', 0.2, 'cancelada'),
(208, 'debito', 'basica', 0.1, 'activa'),
(209, 'credito', 'basica', 0.2, 'activa'),
(210, 'credito', 'oro', 0.3, 'activa'),
(211, 'debito', 'platino', 0.2, 'activa'),
(212, 'debito', 'platino', 0.1, 'activa'),
(213, 'credito', 'oro', 0.3, 'cancelada'),
(214, 'credito', 'platino', 0.2, 'activa'),
(215, 'credito', 'oro', 0.2, 'activa'),
(216, 'debito', 'oro', 0.1, 'cancelada'),
(217, 'debito', 'basica', 0.1, 'cancelada'),
(218, 'debito', 'basica', 0.1, 'activa'),
(219, 'credito', 'basica', 0.3, 'activa'),
(220, 'debito', 'basica', 0.3, 'cancelada'),
(221, 'debito', 'platino', 0.3, 'activa'),
(222, 'credito', 'platino', 0.2, 'cancelada'),
(223, 'debito', 'oro', 0.1, 'activa'),
(224, 'debito', 'basica', 0.1, 'activa'),
(225, 'debito', 'platino', 0.1, 'activa'),
(226, 'credito', 'oro', 0.2, 'cancelada'),
(227, 'debito', 'platino', 0.3, 'cancelada'),
(228, 'credito', 'oro', 0.2, 'activa'),
(229, 'credito', 'basica', 0.2, 'cancelada'),
(230, 'credito', 'basica', 0.1, 'activa'),
(231, 'debito', 'basica', 0.3, 'activa'),
(232, 'credito', 'platino', 0.1, 'cancelada'),
(233, 'debito', 'basica', 0.2, 'cancelada'),
(234, 'debito', 'platino', 0.3, 'cancelada'),
(235, 'debito', 'basica', 0.1, 'cancelada'),
(236, 'debito', 'basica', 0.1, 'cancelada'),
(237, 'debito', 'platino', 0.2, 'cancelada'),
(238, 'debito', 'basica', 0.2, 'activa'),
(239, 'credito', 'platino', 0.1, 'cancelada'),
(240, 'credito', 'basica', 0.1, 'cancelada'),
(241, 'credito', 'basica', 0.2, 'activa'),
(242, 'credito', 'basica', 0.3, 'cancelada'),
(243, 'debito', 'basica', 0.1, 'activa'),
(244, 'credito', 'oro', 0.1, 'cancelada'),
(245, 'credito', 'basica', 0.3, 'activa'),
(246, 'credito', 'oro', 0.1, 'cancelada'),
(247, 'credito', 'platino', 0.2, 'activa'),
(248, 'credito', 'basica', 0.2, 'activa'),
(249, 'debito', 'oro', 0.1, 'activa'),
(250, 'debito', 'oro', 0.1, 'cancelada'),
(251, 'debito', 'basica', 0.3, 'activa'),
(252, 'credito', 'platino', 0.1, 'activa'),
(253, 'debito', 'basica', 0.1, 'activa'),
(254, 'credito', 'oro', 0.2, 'cancelada'),
(255, 'credito', 'platino', 0.2, 'activa'),
(256, 'debito', 'basica', 0.2, 'cancelada'),
(257, 'debito', 'oro', 0.1, 'activa'),
(258, 'credito', 'oro', 0.3, 'activa'),
(259, 'debito', 'platino', 0.3, 'cancelada'),
(260, 'debito', 'platino', 0.3, 'cancelada'),
(261, 'credito', 'platino', 0.2, 'cancelada'),
(262, 'debito', 'oro', 0.3, 'activa'),
(263, 'debito', 'platino', 0.1, 'activa'),
(264, 'debito', 'oro', 0.2, 'activa'),
(265, 'debito', 'basica', 0.1, 'activa'),
(266, 'credito', 'platino', 0.3, 'activa'),
(267, 'credito', 'platino', 0.2, 'activa'),
(268, 'credito', 'platino', 0.2, 'activa'),
(269, 'credito', 'basica', 0.3, 'cancelada'),
(270, 'credito', 'basica', 0.3, 'cancelada'),
(271, 'credito', 'basica', 0.3, 'cancelada'),
(272, 'credito', 'platino', 0.2, 'cancelada'),
(273, 'credito', 'oro', 0.3, 'cancelada'),
(274, 'credito', 'basica', 0.3, 'activa'),
(275, 'credito', 'basica', 0.2, 'cancelada'),
(276, 'debito', 'basica', 0.2, 'activa'),
(277, 'credito', 'oro', 0.1, 'activa'),
(278, 'debito', 'platino', 0.2, 'cancelada'),
(279, 'credito', 'oro', 0.3, 'activa'),
(280, 'debito', 'basica', 0.1, 'cancelada'),
(281, 'debito', 'oro', 0.1, 'cancelada'),
(282, 'credito', 'platino', 0.1, 'activa'),
(283, 'debito', 'oro', 0.2, 'cancelada'),
(284, 'debito', 'platino', 0.3, 'cancelada'),
(285, 'debito', 'oro', 0.2, 'cancelada'),
(286, 'debito', 'basica', 0.3, 'cancelada'),
(287, 'debito', 'platino', 0.1, 'activa'),
(288, 'debito', 'oro', 0.3, 'activa'),
(289, 'credito', 'basica', 0.1, 'activa'),
(290, 'credito', 'basica', 0.2, 'cancelada'),
(291, 'debito', 'platino', 0.3, 'activa'),
(292, 'credito', 'platino', 0.3, 'activa'),
(293, 'debito', 'platino', 0.3, 'activa'),
(294, 'debito', 'oro', 0.1, 'cancelada'),
(295, 'credito', 'oro', 0.3, 'cancelada'),
(296, 'credito', 'oro', 0.3, 'cancelada'),
(297, 'debito', 'basica', 0.3, 'cancelada'),
(298, 'credito', 'platino', 0.1, 'activa'),
(299, 'debito', 'platino', 0.1, 'cancelada'),
(300, 'credito', 'oro', 0.1, 'cancelada');

-- --------------------------------------------------------

--
-- Estructura para la vista `desglose_abonos`
--
DROP TABLE IF EXISTS `desglose_abonos`;

CREATE ALGORITHM=UNDEFINED DEFINER=`root`@`localhost` SQL SECURITY DEFINER VIEW `desglose_abonos` AS select `tablaclientes`.`noCliente` AS `noCliente`,concat(`tablaclientes`.`nombre`,' ',`tablaclientes`.`apellidoP`,' ',`tablaclientes`.`apellidoM`) AS `nombre`,`detallecuentas`.`noCuenta` AS `noCuenta`,`movimientos`.`fecha` AS `fecha`,round(`movimientos`.`cantidad`,2) AS `cantidad`,`movimientos`.`tipoOperacion` AS `tipoOperacion` from (((`tablaclientes` join `detallecuentas`) join `detallemovimientos`) join `movimientos`) where ((`tablaclientes`.`noCliente` = `detallecuentas`.`noCliente`) and (`detallecuentas`.`noCuenta` = `detallemovimientos`.`noCuenta`) and (`detallemovimientos`.`noMovimiento` = `movimientos`.`noMovimiento`) and (`movimientos`.`tipoOperacion` = 'abono')) order by `tablaclientes`.`noCliente`;

-- --------------------------------------------------------

--
-- Estructura para la vista `desglose_cargos`
--
DROP TABLE IF EXISTS `desglose_cargos`;

CREATE ALGORITHM=UNDEFINED DEFINER=`root`@`localhost` SQL SECURITY DEFINER VIEW `desglose_cargos` AS select `tablaclientes`.`noCliente` AS `noCliente`,concat(`tablaclientes`.`nombre`,' ',`tablaclientes`.`apellidoP`,' ',`tablaclientes`.`apellidoM`) AS `nombre`,`detallecuentas`.`noCuenta` AS `noCuenta`,`movimientos`.`fecha` AS `fecha`,round(`movimientos`.`cantidad`,2) AS `cantidad`,`movimientos`.`tipoOperacion` AS `tipoOperacion` from (((`tablaclientes` join `detallecuentas`) join `detallemovimientos`) join `movimientos`) where ((`tablaclientes`.`noCliente` = `detallecuentas`.`noCliente`) and (`detallecuentas`.`noCuenta` = `detallemovimientos`.`noCuenta`) and (`detallemovimientos`.`noMovimiento` = `movimientos`.`noMovimiento`) and (`movimientos`.`tipoOperacion` = 'cargo')) order by `tablaclientes`.`noCliente`;

-- --------------------------------------------------------

--
-- Estructura para la vista `desglose_movimientos`
--
DROP TABLE IF EXISTS `desglose_movimientos`;

CREATE ALGORITHM=UNDEFINED DEFINER=`root`@`localhost` SQL SECURITY DEFINER VIEW `desglose_movimientos` AS select `tablaclientes`.`noCliente` AS `noCliente`,concat(`tablaclientes`.`nombre`,' ',`tablaclientes`.`apellidoP`,' ',`tablaclientes`.`apellidoM`) AS `nombre`,`detallecuentas`.`noCuenta` AS `noCuenta`,`movimientos`.`fecha` AS `fecha`,`movimientos`.`cantidad` AS `cantidad`,`movimientos`.`tipoOperacion` AS `tipoOperacion` from (((`tablaclientes` join `detallecuentas`) join `detallemovimientos`) join `movimientos`) where ((`tablaclientes`.`noCliente` = `detallecuentas`.`noCliente`) and (`detallecuentas`.`noCuenta` = `detallemovimientos`.`noCuenta`) and (`detallemovimientos`.`noMovimiento` = `movimientos`.`noMovimiento`)) order by `tablaclientes`.`noCliente`;

-- --------------------------------------------------------

--
-- Estructura para la vista `resumen_abonos`
--
DROP TABLE IF EXISTS `resumen_abonos`;

CREATE ALGORITHM=UNDEFINED DEFINER=`root`@`localhost` SQL SECURITY DEFINER VIEW `resumen_abonos` AS select `tablaclientes`.`noCliente` AS `noCliente`,concat(`tablaclientes`.`nombre`,' ',`tablaclientes`.`apellidoP`,' ',`tablaclientes`.`apellidoM`) AS `nombre`,`detallecuentas`.`noCuenta` AS `noCuenta`,round(sum(`movimientos`.`cantidad`),2) AS `abono`,`movimientos`.`tipoOperacion` AS `tipoOperacion`,count(`movimientos`.`tipoOperacion`) AS `operaciones` from (((`tablaclientes` join `detallecuentas`) join `detallemovimientos`) join `movimientos`) where ((`tablaclientes`.`noCliente` = `detallecuentas`.`noCliente`) and (`detallecuentas`.`noCuenta` = `detallemovimientos`.`noCuenta`) and (`detallemovimientos`.`noMovimiento` = `movimientos`.`noMovimiento`) and (`movimientos`.`tipoOperacion` = 'abono')) group by `tablaclientes`.`noCliente`;

-- --------------------------------------------------------

--
-- Estructura para la vista `resumen_cargos`
--
DROP TABLE IF EXISTS `resumen_cargos`;

CREATE ALGORITHM=UNDEFINED DEFINER=`root`@`localhost` SQL SECURITY DEFINER VIEW `resumen_cargos` AS select `tablaclientes`.`noCliente` AS `noCliente`,concat(`tablaclientes`.`nombre`,' ',`tablaclientes`.`apellidoP`,' ',`tablaclientes`.`apellidoM`) AS `nombre`,`detallecuentas`.`noCuenta` AS `noCuenta`,round(sum(`movimientos`.`cantidad`),2) AS `cargo`,`movimientos`.`tipoOperacion` AS `tipoOperacion`,count(`movimientos`.`tipoOperacion`) AS `operaciones` from (((`tablaclientes` join `detallecuentas`) join `detallemovimientos`) join `movimientos`) where ((`tablaclientes`.`noCliente` = `detallecuentas`.`noCliente`) and (`detallecuentas`.`noCuenta` = `detallemovimientos`.`noCuenta`) and (`detallemovimientos`.`noMovimiento` = `movimientos`.`noMovimiento`) and (`movimientos`.`tipoOperacion` = 'cargo')) group by `tablaclientes`.`noCliente`;

-- --------------------------------------------------------

--
-- Estructura para la vista `resumen_saldos`
--
DROP TABLE IF EXISTS `resumen_saldos`;

CREATE ALGORITHM=UNDEFINED DEFINER=`root`@`localhost` SQL SECURITY DEFINER VIEW `resumen_saldos` AS select `tablaclientes`.`noCliente` AS `noCliente`,concat(`tablaclientes`.`nombre`,' ',`tablaclientes`.`apellidoP`,' ',`tablaclientes`.`apellidoM`) AS `nombre`,`detallecuentas`.`noCuenta` AS `noCuenta`,round(sum((case when (`movimientos`.`tipoOperacion` = 'abono') then `movimientos`.`cantidad` else 0 end)),2) AS `abono`,round(sum((case when (`movimientos`.`tipoOperacion` = 'cargo') then `movimientos`.`cantidad` else 0 end)),2) AS `cargo`,(round(sum((case when (`movimientos`.`tipoOperacion` = 'abono') then `movimientos`.`cantidad` else 0 end)),2) - round(sum((case when (`movimientos`.`tipoOperacion` = 'cargo') then `movimientos`.`cantidad` else 0 end)),2)) AS `saldo` from (((`tablaclientes` join `detallecuentas`) join `detallemovimientos`) join `movimientos`) where ((`tablaclientes`.`noCliente` = `detallecuentas`.`noCliente`) and (`detallecuentas`.`noCuenta` = `detallemovimientos`.`noCuenta`) and (`detallemovimientos`.`noMovimiento` = `movimientos`.`noMovimiento`)) group by `tablaclientes`.`noCliente`;

--
-- ndices para tablas volcadas
--

--
-- Indices de la tabla `detallecuentas`
--
ALTER TABLE `detallecuentas`
 ADD PRIMARY KEY (`noCuenta`);

--
-- Indices de la tabla `detallemovimientos`
--
ALTER TABLE `detallemovimientos`
 ADD PRIMARY KEY (`noDetalleMovimientos`);

--
-- Indices de la tabla `movimientos`
--
ALTER TABLE `movimientos`
 ADD PRIMARY KEY (`noMovimiento`);

--
-- Indices de la tabla `tablaclientes`
--
ALTER TABLE `tablaclientes`
 ADD PRIMARY KEY (`noCliente`);

--
-- Indices de la tabla `tablatarjetas`
--
ALTER TABLE `tablatarjetas`
 ADD PRIMARY KEY (`noTarjeta`);

--
-- AUTO_INCREMENT de las tablas volcadas
--

--
-- AUTO_INCREMENT de la tabla `detallecuentas`
--
ALTER TABLE `detallecuentas`
MODIFY `noCuenta` int(11) NOT NULL AUTO_INCREMENT,AUTO_INCREMENT=301;
--
-- AUTO_INCREMENT de la tabla `detallemovimientos`
--
ALTER TABLE `detallemovimientos`
MODIFY `noDetalleMovimientos` int(11) NOT NULL AUTO_INCREMENT,AUTO_INCREMENT=303;
--
-- AUTO_INCREMENT de la tabla `movimientos`
--
ALTER TABLE `movimientos`
MODIFY `noMovimiento` int(11) NOT NULL AUTO_INCREMENT,AUTO_INCREMENT=303;
--
-- AUTO_INCREMENT de la tabla `tablaclientes`
--
ALTER TABLE `tablaclientes`
MODIFY `noCliente` int(11) NOT NULL AUTO_INCREMENT,AUTO_INCREMENT=301;
--
-- AUTO_INCREMENT de la tabla `tablatarjetas`
--
ALTER TABLE `tablatarjetas`
MODIFY `noTarjeta` int(11) NOT NULL AUTO_INCREMENT,AUTO_INCREMENT=301;
/*!40101 SET CHARACTER_SET_CLIENT=@OLD_CHARACTER_SET_CLIENT */;
/*!40101 SET CHARACTER_SET_RESULTS=@OLD_CHARACTER_SET_RESULTS */;
/*!40101 SET COLLATION_CONNECTION=@OLD_COLLATION_CONNECTION */;
